shape,seed,stat,ai
uniform,0,mean,0.5357142857142858
uniform,0,variance,0.2031249999999998
uniform,0,kurtosis,0.021551724137931088
uniform,1,mean,0.6688481675392669
uniform,1,variance,0.2200704225352112
uniform,1,kurtosis,-0.06989247311828001
uniform,2,mean,0.5660714285714282
uniform,2,variance,-0.08041958041958037
uniform,2,kurtosis,-0.032407407407407544
uniform,3,mean,0.37212643678160906
uniform,3,variance,0.09351145038167942
uniform,3,kurtosis,-0.14159292035398244
uniform,4,mean,0.2266949152542374
uniform,4,variance,0.001533742331288311
uniform,4,kurtosis,-0.10465116279069768
uniform,5,mean,0.7013157894736844
uniform,5,variance,-0.18881118881118875
uniform,5,kurtosis,0.006147540983606427
uniform,6,mean,0.43435754189944115
uniform,6,variance,0.035971223021582614
uniform,6,kurtosis,0.3083832335329341
uniform,7,mean,0.5106060606060607
uniform,7,variance,0.03723404255319132
uniform,7,kurtosis,0.0053191489361701
uniform,8,mean,0.6712499999999999
uniform,8,variance,0.031007751937984523
uniform,8,kurtosis,0.043352601156069454
uniform,9,mean,0.43459302325581395
uniform,9,variance,0.0982658959537572
uniform,9,kurtosis,-0.11797752808988761
uniform,10,mean,0.5378378378378379
uniform,10,variance,-0.05151515151515149
uniform,10,kurtosis,0.02336448598130834
uniform,11,mean,0.716374269005848
uniform,11,variance,0.1431159420289857
uniform,11,kurtosis,-0.035472972972972826
uniform,12,mean,0.44999999999999996
uniform,12,variance,0.28633720930232537
uniform,12,kurtosis,0.006329113924050499
uniform,13,mean,0.52734375
uniform,13,variance,0.0601503759398497
uniform,13,kurtosis,0.21955128205128221
uniform,14,mean,0.4663742690058479
uniform,14,variance,-0.20645161290322572
uniform,14,kurtosis,0.32407407407407407
uniform,15,mean,0.48163841807909596
uniform,15,variance,-0.017241379310344765
uniform,15,kurtosis,0.013986013986013993
uniform,16,mean,0.4044117647058823
uniform,16,variance,0.3692660550458716
uniform,16,kurtosis,-0.28186274509803916
uniform,17,mean,0.510115606936416
uniform,17,variance,0.16923076923076907
uniform,17,kurtosis,0.011824324324324375
uniform,18,mean,0.580508474576271
uniform,18,variance,0.07862903225806464
uniform,18,kurtosis,-0.03662420382165613
uniform,19,mean,0.4137931034482756
uniform,19,variance,0.3476821192052982
uniform,19,kurtosis,-0.14915966386554622
uniform,20,mean,0.4519867549668874
uniform,20,variance,0.03991596638655489
uniform,20,kurtosis,-0.2831125827814569
uniform,21,mean,0.47432432432432425
uniform,21,variance,-0.10304054054054063
uniform,21,kurtosis,0.1292134831460672
uniform,22,mean,0.483783783783784
uniform,22,variance,-0.3696581196581196
uniform,22,kurtosis,-0.03636363636363639
uniform,23,mean,0.5402298850574716
uniform,23,variance,-0.061320754716981105
uniform,23,kurtosis,0.13942307692307684
uniform,24,mean,0.3687845303867403
uniform,24,variance,0.07320441988950294
uniform,24,kurtosis,-0.015432098765432042
uniform,25,mean,0.2572254335260115
uniform,25,variance,-0.1625766871165643
uniform,25,kurtosis,-0.07269503546099293
uniform,26,mean,0.44047619047619047
uniform,26,variance,-0.13695652173913048
uniform,26,kurtosis,0.13664596273291907
uniform,27,mean,0.5941176470588233
uniform,27,variance,-0.020370370370370264
uniform,27,kurtosis,-0.14719626168224273
uniform,28,mean,0.4211956521739131
uniform,28,variance,-0.05446927374301684
uniform,28,kurtosis,-0.22619047619047628
uniform,29,mean,0.7945026178010471
uniform,29,variance,0.0647590361445783
uniform,29,kurtosis,0.10106382978723408
uniform,30,mean,0.5787500000000001
uniform,30,variance,-0.14912280701754377
uniform,30,kurtosis,0.06891025641025636
uniform,31,mean,0.6250000000000002
uniform,31,variance,0.16058394160583955
uniform,31,kurtosis,0.12128712871287137
uniform,32,mean,0.6861979166666665
uniform,32,variance,0.38409090909090937
uniform,32,kurtosis,0.10624999999999998
uniform,33,mean,0.43999999999999995
uniform,33,variance,0.1692546583850931
uniform,33,kurtosis,-0.02163461538461535
uniform,34,mean,0.5440140845070425
uniform,34,variance,0.043478260869565064
uniform,34,kurtosis,0.03508771929824564
uniform,35,mean,0.29374999999999996
uniform,35,variance,0.1163194444444444
uniform,35,kurtosis,0.4487704918032789
uniform,36,mean,0.5640624999999999
uniform,36,variance,-0.04166666666666665
uniform,36,kurtosis,0.020833333333333558
uniform,37,mean,0.6207386363636359
uniform,37,variance,0.1325301204819278
uniform,37,kurtosis,0.1736111111111111
uniform,38,mean,0.7657657657657653
uniform,38,variance,-0.016917293233082685
uniform,38,kurtosis,0.0731132075471695
uniform,39,mean,0.6499999999999998
uniform,39,variance,0.028106508875739573
uniform,39,kurtosis,-0.0571428571428572
uniform,40,mean,0.5910326086956519
uniform,40,variance,0.15650406504065037
uniform,40,kurtosis,-0.29734848484848486
uniform,41,mean,0.5625000000000001
uniform,41,variance,0.04744525547445251
uniform,41,kurtosis,0.05745341614906819
uniform,42,mean,0.5816993464052287
uniform,42,variance,-0.1552287581699347
uniform,42,kurtosis,-0.1261467889908254
uniform,43,mean,0.5674603174603177
uniform,43,variance,0.17434210526315794
uniform,43,kurtosis,0.23097826086956513
uniform,44,mean,0.48417721518987333
uniform,44,variance,-0.01851851851851868
uniform,44,kurtosis,0.24823943661971826
uniform,45,mean,0.8628048780487807
uniform,45,variance,-0.09399999999999994
uniform,45,kurtosis,0.0386363636363636
uniform,46,mean,0.3589743589743591
uniform,46,variance,-0.03911564625850333
uniform,46,kurtosis,-0.24655172413793094
uniform,47,mean,0.5372340425531913
uniform,47,variance,-0.014705882352941187
uniform,47,kurtosis,0.10845588235294112
uniform,48,mean,0.5059171597633139
uniform,48,variance,-0.06302521008403339
uniform,48,kurtosis,-0.29205607476635537
uniform,49,mean,0.5015527950310559
uniform,49,variance,-0.09567901234567902
uniform,49,kurtosis,0.18674698795180714
uniform,50,mean,0.6779411764705884
uniform,50,variance,0.12689393939393936
uniform,50,kurtosis,-0.06896551724137936
uniform,51,mean,0.536144578313253
uniform,51,variance,0.11347517730496463
uniform,51,kurtosis,0.19130434782608677
uniform,52,mean,0.5898437499999998
uniform,52,variance,0.14716312056737588
uniform,52,kurtosis,0.061666666666666835
uniform,53,mean,0.6646341463414634
uniform,53,variance,-0.21621621621621603
uniform,53,kurtosis,0.05842391304347823
uniform,54,mean,0.8255494505494508
uniform,54,variance,0.17477876106194673
uniform,54,kurtosis,-0.0655737704918035
uniform,55,mean,0.6930379746835443
uniform,55,variance,-0.11567164179104464
uniform,55,kurtosis,-0.1483050847457628
uniform,56,mean,0.7271341463414634
uniform,56,variance,0.2108208955223879
uniform,56,kurtosis,-0.16111111111111096
uniform,57,mean,0.6097122302158275
uniform,57,variance,-0.06896551724137936
uniform,57,kurtosis,-0.002808988764045133
uniform,58,mean,0.8596774193548388
uniform,58,variance,0.05132450331125806
uniform,58,kurtosis,0.11739130434782591
uniform,59,mean,0.4402777777777778
uniform,59,variance,0.5727611940298508
uniform,59,kurtosis,0.06249999999999983
uniform,60,mean,0.3323353293413174
uniform,60,variance,0.2066666666666667
uniform,60,kurtosis,-0.04914529914529924
uniform,61,mean,0.5730337078651684
uniform,61,variance,0.10000000000000017
uniform,61,kurtosis,0.25789473684210545
uniform,62,mean,0.5862573099415205
uniform,62,variance,-0.05993150684931501
uniform,62,kurtosis,0.02245508982035933
uniform,63,mean,0.3870481927710843
uniform,63,variance,0.3214285714285717
uniform,63,kurtosis,-0.14453125
uniform,64,mean,0.47596153846153827
uniform,64,variance,0.06468531468531456
uniform,64,kurtosis,-0.2775590551181102
uniform,65,mean,0.5650887573964495
uniform,65,variance,0.2848837209302327
uniform,65,kurtosis,0.3039568345323741
uniform,66,mean,0.7227011494252876
uniform,66,variance,0.08526011560693637
uniform,66,kurtosis,-0.2882882882882882
uniform,67,mean,0.7234636871508378
uniform,67,variance,0.06612903225806455
uniform,67,kurtosis,-0.16520467836257308
uniform,68,mean,0.5781250000000001
uniform,68,variance,0.12748344370860917
uniform,68,kurtosis,0.06420765027322387
uniform,69,mean,0.9250000000000003
uniform,69,variance,0.3580246913580247
uniform,69,kurtosis,0.005597014925373016
uniform,70,mean,0.41225165562913874
uniform,70,variance,0.08628318584070807
uniform,70,kurtosis,-0.3489208633093525
uniform,71,mean,0.3708791208791209
uniform,71,variance,0.0018115942028985117
uniform,71,kurtosis,0.0
uniform,72,mean,0.3394886363636364
uniform,72,variance,0.11301369863013701
uniform,72,kurtosis,-0.09466019417475743
uniform,73,mean,0.6474719101123595
uniform,73,variance,0.24173553719008264
uniform,73,kurtosis,-0.27272727272727254
uniform,74,mean,0.4562841530054643
uniform,74,variance,-0.20705521472392635
uniform,74,kurtosis,-0.3181818181818183
uniform,75,mean,0.5305343511450383
uniform,75,variance,0.37037037037037035
uniform,75,kurtosis,0.15645161290322593
uniform,76,mean,0.5445945945945945
uniform,76,variance,0.06567796610169503
uniform,76,kurtosis,0.008620689655172618
uniform,77,mean,0.6342975206611571
uniform,77,variance,0.09533898305084733
uniform,77,kurtosis,0.06919642857142867
uniform,78,mean,0.6359375
uniform,78,variance,-0.043939393939393945
uniform,78,kurtosis,0.10775862068965517
uniform,79,mean,0.3293010752688173
uniform,79,variance,0.21675531914893606
uniform,79,kurtosis,-0.23684210526315794
uniform,80,mean,0.2626404494382024
uniform,80,variance,0.3285714285714288
uniform,80,kurtosis,-0.12499999999999993
uniform,81,mean,0.5327868852459018
uniform,81,variance,0.07267441860465117
uniform,81,kurtosis,-0.2456140350877194
uniform,82,mean,0.7320143884892089
uniform,82,variance,0.12318840579710137
uniform,82,kurtosis,-0.4140624999999999
uniform,83,mean,0.5164835164835169
uniform,83,variance,-0.1450381679389311
uniform,83,kurtosis,-0.12977099236641215
uniform,84,mean,0.5920329670329668
uniform,84,variance,0.12307692307692321
uniform,84,kurtosis,-0.31569343065693445
uniform,85,mean,0.43352601156069354
uniform,85,variance,0.29687499999999994
uniform,85,kurtosis,0.12413793103448285
uniform,86,mean,0.4425133689839574
uniform,86,variance,0.1496350364963504
uniform,86,kurtosis,0.0
uniform,87,mean,0.7956349206349205
uniform,87,variance,-0.23284313725490177
uniform,87,kurtosis,0.02836879432624116
uniform,88,mean,0.5575916230366497
uniform,88,variance,0.04107142857142865
uniform,88,kurtosis,-0.04560810810810805
uniform,89,mean,0.4899999999999996
uniform,89,variance,0.3070866141732285
uniform,89,kurtosis,-0.2853982300884955
uniform,90,mean,0.39743589743589747
uniform,90,variance,0.31210191082802574
uniform,90,kurtosis,0.13819875776397522
uniform,91,mean,0.7044198895027626
uniform,91,variance,0.005395683453237297
uniform,91,kurtosis,-0.15157480314960634
uniform,92,mean,0.5308988764044944
uniform,92,variance,0.20098039215686284
uniform,92,kurtosis,-0.21186440677966098
uniform,93,mean,0.44075144508670544
uniform,93,variance,-0.03246753246753235
uniform,93,kurtosis,0.14838709677419384
uniform,94,mean,0.4214285714285713
uniform,94,variance,-0.06076388888888883
uniform,94,kurtosis,-0.007407407407407249
uniform,95,mean,0.43586387434554974
uniform,95,variance,-0.3211009174311927
uniform,95,kurtosis,-0.28925619834710753
uniform,96,mean,0.5989932885906042
uniform,96,variance,0.31481481481481494
uniform,96,kurtosis,0.11021505376344087
uniform,97,mean,0.5526315789473684
uniform,97,variance,0.15596330275229353
uniform,97,kurtosis,-0.5625
uniform,98,mean,0.574561403508772
uniform,98,variance,0.27115384615384625
uniform,98,kurtosis,-0.1858552631578948
uniform,99,mean,0.5618421052631578
uniform,99,variance,0.14756944444444434
uniform,99,kurtosis,0.11697247706422055
bimodal,0,mean,0.5375816993464054
bimodal,0,variance,0.28125000000000017
bimodal,0,kurtosis,0.030172413793103574
bimodal,1,mean,0.6159793814432987
bimodal,1,variance,0.39285714285714296
bimodal,1,kurtosis,-0.02688172043010789
bimodal,2,mean,0.5629629629629631
bimodal,2,variance,0.06597222222222206
bimodal,2,kurtosis,-0.010416666666666711
bimodal,3,mean,0.3191176470588235
bimodal,3,variance,0.009615384615384753
bimodal,3,kurtosis,-0.03211009174311898
bimodal,4,mean,0.21428571428571427
bimodal,4,variance,0.010869565217391346
bimodal,4,kurtosis,-0.07499999999999996
bimodal,5,mean,0.6881578947368422
bimodal,5,variance,-0.06886227544910177
bimodal,5,kurtosis,0.022916666666666544
bimodal,6,mean,0.39857142857142847
bimodal,6,variance,0.09848484848484845
bimodal,6,kurtosis,0.3076923076923077
bimodal,7,mean,0.4469696969696969
bimodal,7,variance,0.12241379310344841
bimodal,7,kurtosis,0.01315789473684229
bimodal,8,mean,0.6636125654450261
bimodal,8,variance,0.09141791044776125
bimodal,8,kurtosis,0.08526011560693637
bimodal,9,mean,0.45086705202312144
bimodal,9,variance,0.16618497109826574
bimodal,9,kurtosis,-0.035714285714285754
bimodal,10,mean,0.5453296703296701
bimodal,10,variance,0.05335365853658532
bimodal,10,kurtosis,-0.006198347107438068
bimodal,11,mean,0.737421383647799
bimodal,11,variance,0.2389937106918237
bimodal,11,kurtosis,0.0
bimodal,12,mean,0.43000000000000016
bimodal,12,variance,0.22593582887700533
bimodal,12,kurtosis,0.0336538461538463
bimodal,13,mean,0.5416666666666666
bimodal,13,variance,0.18275862068965523
bimodal,13,kurtosis,0.23202614379084968
bimodal,14,mean,0.4822485207100594
bimodal,14,variance,-0.16275167785234898
bimodal,14,kurtosis,0.3309352517985612
bimodal,15,mean,0.48446327683615825
bimodal,15,variance,0.0017361111111110742
bimodal,15,kurtosis,-0.018707482993197338
bimodal,16,mean,0.3750000000000002
bimodal,16,variance,0.3486842105263159
bimodal,16,kurtosis,-0.35250000000000004
bimodal,17,mean,0.4479166666666667
bimodal,17,variance,0.2957746478873238
bimodal,17,kurtosis,-0.05369127516778529
bimodal,18,mean,0.5861581920903953
bimodal,18,variance,0.2549504950495052
bimodal,18,kurtosis,-0.0652866242038217
bimodal,19,mean,0.3982142857142855
bimodal,19,variance,0.3533333333333335
bimodal,19,kurtosis,-0.06086956521739117
bimodal,20,mean,0.42694805194805163
bimodal,20,variance,0.07627118644067786
bimodal,20,kurtosis,-0.2564935064935065
bimodal,21,mean,0.5580357142857144
bimodal,21,variance,-0.1295620437956203
bimodal,21,kurtosis,0.08152173913043498
bimodal,22,mean,0.4320652173913043
bimodal,22,variance,-0.28448275862068967
bimodal,22,kurtosis,0.045081967213114894
bimodal,23,mean,0.575
bimodal,23,variance,-0.017857142857142745
bimodal,23,kurtosis,0.15746753246753228
bimodal,24,mean,0.356534090909091
bimodal,24,variance,0.00867052023121369
bimodal,24,kurtosis,0.2562499999999994
bimodal,25,mean,0.24999999999999986
bimodal,25,variance,-0.15031645569620236
bimodal,25,kurtosis,0.006802721088435228
bimodal,26,mean,0.45705521472392635
bimodal,26,variance,-0.07677165354330723
bimodal,26,kurtosis,0.15895061728395052
bimodal,27,mean,0.6161764705882351
bimodal,27,variance,0.02293577981651409
bimodal,27,kurtosis,-0.1565420560747661
bimodal,28,mean,0.39285714285714274
bimodal,28,variance,0.02095808383233541
bimodal,28,kurtosis,-0.17916666666666653
bimodal,29,mean,0.7643979057591622
bimodal,29,variance,0.0221518987341773
bimodal,29,kurtosis,0.11458333333333336
bimodal,30,mean,0.5575000000000001
bimodal,30,variance,-0.17226890756302526
bimodal,30,kurtosis,0.08609271523178799
bimodal,31,mean,0.5597826086956521
bimodal,31,variance,0.18055555555555536
bimodal,31,kurtosis,0.1138613861386141
bimodal,32,mean,0.7005208333333333
bimodal,32,variance,0.26068376068376053
bimodal,32,kurtosis,0.20454545454545425
bimodal,33,mean,0.4025000000000003
bimodal,33,variance,0.14968152866242027
bimodal,33,kurtosis,-0.039473684210526265
bimodal,34,mean,0.5279850746268657
bimodal,34,variance,0.13729508196721307
bimodal,34,kurtosis,0.013888888888889003
bimodal,35,mean,0.2925
bimodal,35,variance,0.20034246575342465
bimodal,35,kurtosis,0.436046511627907
bimodal,36,mean,0.5181818181818185
bimodal,36,variance,-0.11309523809523796
bimodal,36,kurtosis,-0.015037593984962424
bimodal,37,mean,0.5994318181818179
bimodal,37,variance,0.024242424242424267
bimodal,37,kurtosis,0.1566901408450705
bimodal,38,mean,0.68141592920354
bimodal,38,variance,-0.08057851239669434
bimodal,38,kurtosis,0.04729729729729708
bimodal,39,mean,0.6289473684210526
bimodal,39,variance,-0.02160493827160503
bimodal,39,kurtosis,0.011111111111111202
bimodal,40,mean,0.5930555555555552
bimodal,40,variance,0.23750000000000002
bimodal,40,kurtosis,-0.22222222222222227
bimodal,41,mean,0.5453216374269004
bimodal,41,variance,0.0839416058394162
bimodal,41,kurtosis,0.037267080745341644
bimodal,42,mean,0.48088235294117637
bimodal,42,variance,-0.09687499999999988
bimodal,42,kurtosis,-0.04279279279279287
bimodal,43,mean,0.552083333333333
bimodal,43,variance,0.03431372549019622
bimodal,43,kurtosis,0.17307692307692335
bimodal,44,mean,0.43019480519480524
bimodal,44,variance,-0.028846153846153792
bimodal,44,kurtosis,0.22359154929577452
bimodal,45,mean,0.9078125
bimodal,45,variance,-0.040816326530612276
bimodal,45,kurtosis,0.06590909090909108
bimodal,46,mean,0.3207547169811322
bimodal,46,variance,-0.04965753424657552
bimodal,46,kurtosis,-0.16319444444444436
bimodal,47,mean,0.4767857142857143
bimodal,47,variance,-0.030769230769230802
bimodal,47,kurtosis,0.06985294117647044
bimodal,48,mean,0.5107361963190182
bimodal,48,variance,0.13319672131147509
bimodal,48,kurtosis,-0.3033980582524273
bimodal,49,mean,0.4865771812080541
bimodal,49,variance,0.04687500000000011
bimodal,49,kurtosis,0.1599378881987579
bimodal,50,mean,0.5954545454545455
bimodal,50,variance,0.14416058394160566
bimodal,50,kurtosis,-0.030219780219780317
bimodal,51,mean,0.5406626506024096
bimodal,51,variance,0.10992907801418456
bimodal,51,kurtosis,0.2500000000000002
bimodal,52,mean,0.589095744680851
bimodal,52,variance,0.05756578947368413
bimodal,52,kurtosis,0.045751633986928296
bimodal,53,mean,0.592987804878049
bimodal,53,variance,-0.2833333333333334
bimodal,53,kurtosis,0.10869565217391315
bimodal,54,mean,0.8111111111111111
bimodal,54,variance,0.2456140350877196
bimodal,54,kurtosis,-0.06762295081967196
bimodal,55,mean,0.7105263157894736
bimodal,55,variance,-0.02611940298507472
bimodal,55,kurtosis,-0.10236220472440957
bimodal,56,mean,0.7450980392156864
bimodal,56,variance,0.34060402684563784
bimodal,56,kurtosis,-0.12318840579710137
bimodal,57,mean,0.5845588235294119
bimodal,57,variance,-0.008849557522123902
bimodal,57,kurtosis,-0.10204081632653071
bimodal,58,mean,0.7954545454545455
bimodal,58,variance,0.10220125786163528
bimodal,58,kurtosis,0.18396226415094324
bimodal,59,mean,0.5014204545454546
bimodal,59,variance,0.5177419354838712
bimodal,59,kurtosis,0.10256410256410266
bimodal,60,mean,0.4177018633540371
bimodal,60,variance,0.3633333333333333
bimodal,60,kurtosis,-0.1312500000000001
bimodal,61,mean,0.5669642857142856
bimodal,61,variance,0.20967741935483894
bimodal,61,kurtosis,0.24257425742574273
bimodal,62,mean,0.5512048192771084
bimodal,62,variance,0.126068376068376
bimodal,62,kurtosis,-0.0029585798816567418
bimodal,63,mean,0.3343373493975904
bimodal,63,variance,0.37288135593220306
bimodal,63,kurtosis,-0.1318897637795275
bimodal,64,mean,0.5145161290322581
bimodal,64,variance,0.085185185185185
bimodal,64,kurtosis,-0.25572519083969464
bimodal,65,mean,0.5157142857142859
bimodal,65,variance,0.29166666666666674
bimodal,65,kurtosis,0.3435251798561152
bimodal,66,mean,0.7777777777777776
bimodal,66,variance,0.0971428571428571
bimodal,66,kurtosis,-0.2758620689655172
bimodal,67,mean,0.6843575418994412
bimodal,67,variance,0.06953642384105958
bimodal,67,kurtosis,-0.22514619883040937
bimodal,68,mean,0.5473372781065089
bimodal,68,variance,0.19557823129251703
bimodal,68,kurtosis,0.04918032786885237
bimodal,69,mean,0.8859374999999999
bimodal,69,variance,0.33918128654970764
bimodal,69,kurtosis,-0.055970149253731484
bimodal,70,mean,0.3039568345323741
bimodal,70,variance,0.39285714285714257
bimodal,70,kurtosis,-0.3677536231884057
bimodal,71,mean,0.3049450549450549
bimodal,71,variance,-0.01773049645390049
bimodal,71,kurtosis,0.028017241379310137
bimodal,72,mean,0.27424242424242407
bimodal,72,variance,0.039308176100628936
bimodal,72,kurtosis,-0.09633027522935779
bimodal,73,mean,0.6390449438202249
bimodal,73,variance,0.24999999999999992
bimodal,73,kurtosis,-0.3017857142857144
bimodal,74,mean,0.46016483516483503
bimodal,74,variance,-0.1981707317073171
bimodal,74,kurtosis,-0.4160156250000002
bimodal,75,mean,0.5072992700729929
bimodal,75,variance,0.3674242424242425
bimodal,75,kurtosis,0.173758865248227
bimodal,76,mean,0.4640883977900552
bimodal,76,variance,0.004504504504504407
bimodal,76,kurtosis,0.019396551724137914
bimodal,77,mean,0.6023622047244094
bimodal,77,variance,0.19214876033057846
bimodal,77,kurtosis,0.043103448275862294
bimodal,78,mean,0.6296296296296298
bimodal,78,variance,0.09431137724550881
bimodal,78,kurtosis,0.052521008403361324
bimodal,79,mean,0.28415300546448097
bimodal,79,variance,0.2805851063829789
bimodal,79,kurtosis,-0.3161764705882353
bimodal,80,mean,0.29437869822485235
bimodal,80,variance,0.23516949152542366
bimodal,80,kurtosis,-0.13740458015267187
bimodal,81,mean,0.5013966480446927
bimodal,81,variance,0.08474576271186438
bimodal,81,kurtosis,-0.24107142857142858
bimodal,82,mean,0.7519083969465647
bimodal,82,variance,0.22678571428571423
bimodal,82,kurtosis,-0.35526315789473706
bimodal,83,mean,0.5027027027027028
bimodal,83,variance,-0.010162601626016229
bimodal,83,kurtosis,-0.1178861788617886
bimodal,84,mean,0.5857142857142856
bimodal,84,variance,-0.08152173913043483
bimodal,84,kurtosis,-0.31569343065693445
bimodal,85,mean,0.3728571428571428
bimodal,85,variance,0.302536231884058
bimodal,85,kurtosis,0.09683098591549305
bimodal,86,mean,0.4037433155080214
bimodal,86,variance,0.11580882352941156
bimodal,86,kurtosis,0.018939393939393867
bimodal,87,mean,0.7777777777777772
bimodal,87,variance,-0.21900826446281002
bimodal,87,kurtosis,0.04964539007092218
bimodal,88,mean,0.5446927374301676
bimodal,88,variance,0.029720279720279713
bimodal,88,kurtosis,-0.05960264900662241
bimodal,89,mean,0.4899999999999996
bimodal,89,variance,0.2988281250000003
bimodal,89,kurtosis,-0.3241525423728815
bimodal,90,mean,0.4822695035460993
bimodal,90,variance,0.33557046979865757
bimodal,90,kurtosis,0.12500000000000022
bimodal,91,mean,0.6458333333333335
bimodal,91,variance,-0.06423611111111098
bimodal,91,kurtosis,-0.20075757575757563
bimodal,92,mean,0.5142857142857142
bimodal,92,variance,0.265923566878981
bimodal,92,kurtosis,-0.200787401574803
bimodal,93,mean,0.4910714285714282
bimodal,93,variance,-0.10666666666666676
bimodal,93,kurtosis,0.14072847682119197
bimodal,94,mean,0.38953488372093026
bimodal,94,variance,-0.012048192771084347
bimodal,94,kurtosis,-0.006944444444444295
bimodal,95,mean,0.342741935483871
bimodal,95,variance,-0.01223776223776229
bimodal,95,kurtosis,-0.34745762711864425
bimodal,96,mean,0.6824817518248177
bimodal,96,variance,0.42561983471074355
bimodal,96,kurtosis,0.03181818181818196
bimodal,97,mean,0.5297927461139897
bimodal,97,variance,0.22336065573770486
bimodal,97,kurtosis,-0.5098039215686274
bimodal,98,mean,0.6064814814814815
bimodal,98,variance,0.43794326241134757
bimodal,98,kurtosis,-0.1677215189873419
bimodal,99,mean,0.5368421052631581
bimodal,99,variance,0.13111888111888106
bimodal,99,kurtosis,0.07110091743119279
unimodal,0,mean,0.5444785276073622
unimodal,0,variance,0.14870689655172406
unimodal,0,kurtosis,0.037356321839080435
unimodal,1,mean,0.6894329896907219
unimodal,1,variance,0.23750000000000002
unimodal,1,kurtosis,-0.027777777777778175
unimodal,2,mean,0.5976027397260277
unimodal,2,variance,-0.14849624060150354
unimodal,2,kurtosis,-0.032407407407407544
unimodal,3,mean,0.4537572254335257
unimodal,3,variance,0.0
unimodal,3,kurtosis,-0.057339449541284386
unimodal,4,mean,0.29230769230769227
unimodal,4,variance,-0.025477707006369445
unimodal,4,kurtosis,-0.12499999999999996
unimodal,5,mean,0.7181122448979593
unimodal,5,variance,-0.24650349650349657
unimodal,5,kurtosis,0.022540983606557267
unimodal,6,mean,0.4804469273743017
unimodal,6,variance,0.08156028368794341
unimodal,6,kurtosis,0.30294117647058827
unimodal,7,mean,0.49090909090909096
unimodal,7,variance,-0.011278195488721734
unimodal,7,kurtosis,0.061111111111110804
unimodal,8,mean,0.7037500000000001
unimodal,8,variance,-0.02717391304347832
unimodal,8,kurtosis,0.02167630057803447
unimodal,9,mean,0.4744318181818181
unimodal,9,variance,0.1352941176470588
unimodal,9,kurtosis,-0.08988764044943802
unimodal,10,mean,0.5741758241758242
unimodal,10,variance,-0.16820987654320985
unimodal,10,kurtosis,-0.06553398058252437
unimodal,11,mean,0.7089947089947091
unimodal,11,variance,0.07586206896551714
unimodal,11,kurtosis,0.08783783783783779
unimodal,12,mean,0.48750000000000004
unimodal,12,variance,0.2513586956521739
unimodal,12,kurtosis,-0.0015822784810126248
unimodal,13,mean,0.5459183673469387
unimodal,13,variance,-0.05075187969924802
unimodal,13,kurtosis,0.2452531645569622
unimodal,14,mean,0.4930167597765362
unimodal,14,variance,-0.26470588235294107
unimodal,14,kurtosis,0.3297101449275363
unimodal,15,mean,0.5164835164835161
unimodal,15,variance,-0.14285714285714285
unimodal,15,kurtosis,0.0067567567567566105
unimodal,16,mean,0.5365853658536586
unimodal,16,variance,0.24761904761904735
unimodal,16,kurtosis,-0.40000000000000013
unimodal,17,mean,0.5416666666666667
unimodal,17,variance,0.1811594202898551
unimodal,17,kurtosis,0.011666666666666714
unimodal,18,mean,0.6354748603351954
unimodal,18,variance,0.10749999999999993
unimodal,18,kurtosis,-0.03662420382165613
unimodal,19,mean,0.5
unimodal,19,variance,0.33999999999999986
unimodal,19,kurtosis,-0.09347826086956516
unimodal,20,mean,0.5110759493670888
unimodal,20,variance,0.04487179487179506
unimodal,20,kurtosis,-0.2500000000000002
unimodal,21,mean,0.6073446327683615
unimodal,21,variance,-0.003355704697986655
unimodal,21,kurtosis,0.1292134831460672
unimodal,22,mean,0.5312500000000001
unimodal,22,variance,-0.46296296296296313
unimodal,22,kurtosis,-0.0500000000000001
unimodal,23,mean,0.6019553072625698
unimodal,23,variance,-0.004854368932038732
unimodal,23,kurtosis,0.145973154362416
unimodal,24,mean,0.44198895027624296
unimodal,24,variance,0.06285714285714279
unimodal,24,kurtosis,0.12499999999999956
unimodal,25,mean,0.302857142857143
unimodal,25,variance,-0.18478260869565205
unimodal,25,kurtosis,-0.03191489361702138
unimodal,26,mean,0.4999999999999997
unimodal,26,variance,-0.19999999999999982
unimodal,26,kurtosis,0.15527950310559002
unimodal,27,mean,0.664705882352941
unimodal,27,variance,-0.2545045045045046
unimodal,27,kurtosis,-0.1346153846153843
unimodal,28,mean,0.42057291666666663
unimodal,28,variance,-0.03181818181818195
unimodal,28,kurtosis,-0.1987704918032788
unimodal,29,mean,0.7931937172774867
unimodal,29,variance,-0.043918918918918894
unimodal,29,kurtosis,0.11091549295774628
unimodal,30,mean,0.6337499999999998
unimodal,30,variance,-0.3082524271844658
unimodal,30,kurtosis,0.06761006289308169
unimodal,31,mean,0.6418918918918921
unimodal,31,variance,-0.06681034482758615
unimodal,31,kurtosis,0.17574257425742598
unimodal,32,mean,0.743489583333333
unimodal,32,variance,0.33050847457627125
unimodal,32,kurtosis,0.07051282051282073
unimodal,33,mean,0.4500000000000002
unimodal,33,variance,0.03691275167785246
unimodal,33,kurtosis,-0.01470588235294108
unimodal,34,mean,0.6250000000000001
unimodal,34,variance,-0.028455284552845475
unimodal,34,kurtosis,0.009174311926605307
unimodal,35,mean,0.33125000000000027
unimodal,35,variance,0.15202702702702714
unimodal,35,kurtosis,0.4374999999999997
unimodal,36,mean,0.5444785276073622
unimodal,36,variance,-0.09325396825396819
unimodal,36,kurtosis,0.028409090909090634
unimodal,37,mean,0.605113636363636
unimodal,37,variance,0.10897435897435896
unimodal,37,kurtosis,0.1267361111111112
unimodal,38,mean,0.6855468750000004
unimodal,38,variance,-0.17355371900826463
unimodal,38,kurtosis,0.04205607476635506
unimodal,39,mean,0.6756410256410256
unimodal,39,variance,0.03293413173652679
unimodal,39,kurtosis,-0.03571428571428559
unimodal,40,mean,0.6044973544973543
unimodal,40,variance,0.03467153284671524
unimodal,40,kurtosis,-0.26879699248120303
unimodal,41,mean,0.6395348837209303
unimodal,41,variance,-0.072265625
unimodal,41,kurtosis,0.07142857142857155
unimodal,42,mean,0.6011235955056178
unimodal,42,variance,-0.20230263157894748
unimodal,42,kurtosis,-0.07758620689655159
unimodal,43,mean,0.5803571428571429
unimodal,43,variance,0.17736486486486505
unimodal,43,kurtosis,0.14945652173913063
unimodal,44,mean,0.512121212121212
unimodal,44,variance,-0.2839506172839506
unimodal,44,kurtosis,0.2271126760563378
unimodal,45,mean,0.8446327683615822
unimodal,45,variance,-0.047244094488189003
unimodal,45,kurtosis,0.029126213592233243
unimodal,46,mean,0.4171875
unimodal,46,variance,-0.046762589928057686
unimodal,46,kurtosis,-0.23993288590604026
unimodal,47,mean,0.5413793103448277
unimodal,47,variance,-0.2752100840336132
unimodal,47,kurtosis,0.09782608695652159
unimodal,48,mean,0.5813953488372092
unimodal,48,variance,-0.10042735042735042
unimodal,48,kurtosis,-0.32474226804123724
unimodal,49,mean,0.5521472392638039
unimodal,49,variance,-0.3166666666666667
unimodal,49,kurtosis,0.17378048780487806
unimodal,50,mean,0.6954022988505745
unimodal,50,variance,0.0925925925925923
unimodal,50,kurtosis,-0.008720930232558209
unimodal,51,mean,0.5748587570621467
unimodal,51,variance,0.12226277372262771
unimodal,51,kurtosis,0.22566371681415923
unimodal,52,mean,0.6146907216494844
unimodal,52,variance,0.055172413793103524
unimodal,52,kurtosis,0.05000000000000012
unimodal,53,mean,0.7200598802395212
unimodal,53,variance,-0.39194915254237295
unimodal,53,kurtosis,0.07201086956521754
unimodal,54,mean,0.8333333333333335
unimodal,54,variance,0.2234513274336283
unimodal,54,kurtosis,-0.09072580645161296
unimodal,55,mean,0.6878787878787881
unimodal,55,variance,-0.17829457364341084
unimodal,55,kurtosis,-0.1833333333333333
unimodal,56,mean,0.7735294117647055
unimodal,56,variance,0.17125984251968518
unimodal,56,kurtosis,-0.14074074074074086
unimodal,57,mean,0.736940298507463
unimodal,57,variance,-0.19347826086956516
unimodal,57,kurtosis,0.01530612244897972
unimodal,58,mean,0.9237012987012986
unimodal,58,variance,-0.013793103448275872
unimodal,58,kurtosis,0.08043478260869545
unimodal,59,mean,0.5421348314606741
unimodal,59,variance,0.46000000000000024
unimodal,59,kurtosis,0.14601769911504428
unimodal,60,mean,0.39784946236559143
unimodal,60,variance,0.16304347826086965
unimodal,60,kurtosis,-0.15044247787610615
unimodal,61,mean,0.567142857142857
unimodal,61,variance,-0.047244094488189003
unimodal,61,kurtosis,0.2500000000000002
unimodal,62,mean,0.6701183431952662
unimodal,62,variance,-0.1179577464788732
unimodal,62,kurtosis,0.004746835443038156
unimodal,63,mean,0.3689759036144577
unimodal,63,variance,0.26680672268907557
unimodal,63,kurtosis,-0.19094488188976366
unimodal,64,mean,0.5612903225806453
unimodal,64,variance,0.126865671641791
unimodal,64,kurtosis,-0.24999999999999992
unimodal,65,mean,0.49206349206349226
unimodal,65,variance,0.20238095238095227
unimodal,65,kurtosis,0.3083941605839415
unimodal,66,mean,0.7909604519774015
unimodal,66,variance,0.08092485549132954
unimodal,66,kurtosis,-0.2695652173913044
unimodal,67,mean,0.8030726256983238
unimodal,67,variance,0.019784172661870724
unimodal,67,kurtosis,-0.17105263157894737
unimodal,68,mean,0.6005917159763313
unimodal,68,variance,0.03834355828220859
unimodal,68,kurtosis,0.0837988826815642
unimodal,69,mean,0.9463190184049081
unimodal,69,variance,0.33999999999999997
unimodal,69,kurtosis,-0.024253731343283565
unimodal,70,mean,0.4325657894736842
unimodal,70,variance,0.09734513274336308
unimodal,70,kurtosis,-0.3696428571428572
unimodal,71,mean,0.38736263736263754
unimodal,71,variance,-0.024834437086092623
unimodal,71,kurtosis,0.030373831775700695
unimodal,72,mean,0.3999999999999999
unimodal,72,variance,0.06756756756756765
unimodal,72,kurtosis,-0.12019230769230768
unimodal,73,mean,0.6966292134831462
unimodal,73,variance,0.07786885245901617
unimodal,73,kurtosis,-0.27272727272727254
unimodal,74,mean,0.5401069518716576
unimodal,74,variance,-0.28025477707006363
unimodal,74,kurtosis,-0.40599999999999986
unimodal,75,mean,0.5312499999999999
unimodal,75,variance,0.23451327433628333
unimodal,75,kurtosis,0.14838709677419357
unimodal,76,mean,0.5234374999999999
unimodal,76,variance,-0.04687499999999993
unimodal,76,kurtosis,0.015086206896551796
unimodal,77,mean,0.6571969696969697
unimodal,77,variance,0.04090909090909084
unimodal,77,kurtosis,0.03448275862068968
unimodal,78,mean,0.6562499999999999
unimodal,78,variance,0.04999999999999985
unimodal,78,kurtosis,0.057851239669421725
unimodal,79,mean,0.43815789473684236
unimodal,79,variance,0.14095744680851047
unimodal,79,kurtosis,-0.23958333333333356
unimodal,80,mean,0.32402234636871513
unimodal,80,variance,0.21978021978021955
unimodal,80,kurtosis,-0.05967741935483874
unimodal,81,mean,0.5731382978723405
unimodal,81,variance,-0.011764705882353082
unimodal,81,kurtosis,-0.3423423423423425
unimodal,82,mean,0.7779850746268657
unimodal,82,variance,0.04411764705882356
unimodal,82,kurtosis,-0.3454198473282444
unimodal,83,mean,0.545945945945946
unimodal,83,variance,-0.06352459016393454
unimodal,83,kurtosis,-0.1653225806451611
unimodal,84,mean,0.6223404255319149
unimodal,84,variance,-0.1452991452991452
unimodal,84,kurtosis,-0.31386861313868614
unimodal,85,mean,0.425977653631285
unimodal,85,variance,0.18928571428571406
unimodal,85,kurtosis,0.09683098591549305
unimodal,86,mean,0.4471649484536083
unimodal,86,variance,-0.055555555555555636
unimodal,86,kurtosis,-0.011538461538461636
unimodal,87,mean,0.7753623188405797
unimodal,87,variance,-0.4218750000000003
unimodal,87,kurtosis,0.0472972972972972
unimodal,88,mean,0.5986842105263159
unimodal,88,variance,0.0017482517482517114
unimodal,88,kurtosis,-0.06076388888888881
unimodal,89,mean,0.5299999999999999
unimodal,89,variance,0.16468253968253965
unimodal,89,kurtosis,-0.2950819672131148
unimodal,90,mean,0.4638364779874216
unimodal,90,variance,0.15268456375838932
unimodal,90,kurtosis,0.15097402597402593
unimodal,91,mean,0.6816939890710384
unimodal,91,variance,-0.2730769230769231
unimodal,91,kurtosis,-0.1768292682926827
unimodal,92,mean,0.5250000000000001
unimodal,92,variance,0.15849673202614362
unimodal,92,kurtosis,-0.31512605042016806
unimodal,93,mean,0.4680232558139534
unimodal,93,variance,-0.26923076923076933
unimodal,93,kurtosis,0.14900662251655603
unimodal,94,mean,0.4275956284153005
unimodal,94,variance,-0.14166666666666675
unimodal,94,kurtosis,-0.007246376811594047
unimodal,95,mean,0.47948717948717945
unimodal,95,variance,-0.296875
unimodal,95,kurtosis,-0.3450413223140496
unimodal,96,mean,0.5990259740259742
unimodal,96,variance,0.23019801980198007
unimodal,96,kurtosis,0.16203703703703687
unimodal,97,mean,0.5307692307692308
unimodal,97,variance,0.1517094017094016
unimodal,97,kurtosis,-0.550480769230769
unimodal,98,mean,0.588888888888889
unimodal,98,variance,0.20036764705882346
unimodal,98,kurtosis,-0.20512820512820515
unimodal,99,mean,0.6105263157894736
unimodal,99,variance,0.13103448275862095
unimodal,99,kurtosis,0.052173913043478695
d2_heavy,0,mean,0.5812883435582824
d2_heavy,0,variance,0.28097345132743357
d2_heavy,0,kurtosis,0.037356321839080435
d2_heavy,1,mean,0.6894329896907219
d2_heavy,1,variance,0.24664429530201357
d2_heavy,1,kurtosis,-0.03888888888888905
d2_heavy,2,mean,0.5034246575342465
d2_heavy,2,variance,-0.1164122137404579
d2_heavy,2,kurtosis,-0.032407407407407544
d2_heavy,3,mean,0.3386627906976744
d2_heavy,3,variance,-0.07086614173228332
d2_heavy,3,kurtosis,-0.032110091743119386
d2_heavy,4,mean,0.2851562500000001
d2_heavy,4,variance,0.03143712574850287
d2_heavy,4,kurtosis,-0.1338582677165355
d2_heavy,5,mean,0.7057291666666667
d2_heavy,5,variance,-0.31578947368421034
d2_heavy,5,kurtosis,0.018749999999999968
d2_heavy,6,mean,0.4799999999999999
d2_heavy,6,variance,0.09090909090909104
d2_heavy,6,kurtosis,0.3006134969325155
d2_heavy,7,mean,0.487878787878788
d2_heavy,7,variance,0.028846153846153917
d2_heavy,7,kurtosis,-0.002525252525252472
d2_heavy,8,mean,0.7028061224489796
d2_heavy,8,variance,0.055118110236220715
d2_heavy,8,kurtosis,0.05780346820809227
d2_heavy,9,mean,0.4598214285714284
d2_heavy,9,variance,0.027616279069767373
d2_heavy,9,kurtosis,-0.08988764044943802
d2_heavy,10,mean,0.5604395604395603
d2_heavy,10,variance,-0.13690476190476183
d2_heavy,10,kurtosis,-0.006944444444444505
d2_heavy,11,mean,0.726123595505618
d2_heavy,11,variance,0.1321428571428575
d2_heavy,11,kurtosis,-0.022108843537414945
d2_heavy,12,mean,0.4950000000000001
d2_heavy,12,variance,0.23529411764705885
d2_heavy,12,kurtosis,0.023734177215189653
d2_heavy,13,mean,0.5515463917525772
d2_heavy,13,variance,-0.009191176470588201
d2_heavy,13,kurtosis,0.24038461538461536
d2_heavy,14,mean,0.4942857142857144
d2_heavy,14,variance,-0.2515527950310559
d2_heavy,14,kurtosis,0.3125000000000001
d2_heavy,15,mean,0.5700549450549448
d2_heavy,15,variance,0.011450381679389407
d2_heavy,15,kurtosis,0.00719424460431639
d2_heavy,16,mean,0.4823529411764707
d2_heavy,16,variance,0.3394495412844038
d2_heavy,16,kurtosis,-0.37254901960784287
d2_heavy,17,mean,0.4772727272727274
d2_heavy,17,variance,0.26268115942028997
d2_heavy,17,kurtosis,-0.008445945945945919
d2_heavy,18,mean,0.5823699421965318
d2_heavy,18,variance,0.12820512820512814
d2_heavy,18,kurtosis,-0.0652866242038217
d2_heavy,19,mean,0.4689655172413791
d2_heavy,19,variance,0.32500000000000007
d2_heavy,19,kurtosis,-0.17826086956521728
d2_heavy,20,mean,0.46405228758169936
d2_heavy,20,variance,0.07045454545454516
d2_heavy,20,kurtosis,-0.2908496732026143
d2_heavy,21,mean,0.5635593220338981
d2_heavy,21,variance,-0.08892617449664435
d2_heavy,21,kurtosis,0.12777777777777755
d2_heavy,22,mean,0.5364864864864866
d2_heavy,22,variance,-0.40776699029126195
d2_heavy,22,kurtosis,0.029914529914530048
d2_heavy,23,mean,0.6090116279069767
d2_heavy,23,variance,-0.12749999999999995
d2_heavy,23,kurtosis,0.1385350318471337
d2_heavy,24,mean,0.33967391304347827
d2_heavy,24,variance,0.04022988505747118
d2_heavy,24,kurtosis,0.09593023255813957
d2_heavy,25,mean,0.2679558011049723
d2_heavy,25,variance,-0.11024844720496878
d2_heavy,25,kurtosis,-0.03191489361702138
d2_heavy,26,mean,0.44230769230769207
d2_heavy,26,variance,-0.18000000000000008
d2_heavy,26,kurtosis,0.13375796178343943
d2_heavy,27,mean,0.6600000000000001
d2_heavy,27,variance,-0.21173469387755103
d2_heavy,27,kurtosis,-0.13084112149532676
d2_heavy,28,mean,0.39760638297872314
d2_heavy,28,variance,-0.04943502824858751
d2_heavy,28,kurtosis,-0.19512195121951226
d2_heavy,29,mean,0.7931937172774867
d2_heavy,29,variance,-0.07741935483870975
d2_heavy,29,kurtosis,0.10862068965517223
d2_heavy,30,mean,0.5974999999999999
d2_heavy,30,variance,-0.2765486725663717
d2_heavy,30,kurtosis,0.08333333333333326
d2_heavy,31,mean,0.6209239130434784
d2_heavy,31,variance,0.012820512820512922
d2_heavy,31,kurtosis,0.16831683168316827
d2_heavy,32,mean,0.7278645833333331
d2_heavy,32,variance,0.23140495867768587
d2_heavy,32,kurtosis,0.0813953488372096
d2_heavy,33,mean,0.45124999999999993
d2_heavy,33,variance,0.013513513513513521
d2_heavy,33,kurtosis,-0.07110091743119258
d2_heavy,34,mean,0.5921985815602836
d2_heavy,34,variance,0.189516129032258
d2_heavy,34,kurtosis,-0.12037037037037047
d2_heavy,35,mean,0.29374999999999996
d2_heavy,35,variance,0.08626760563380252
d2_heavy,35,kurtosis,0.4074803149606298
d2_heavy,36,mean,0.5152439024390243
d2_heavy,36,variance,-0.05970149253731345
d2_heavy,36,kurtosis,0.04135338345864641
d2_heavy,37,mean,0.6207386363636359
d2_heavy,37,variance,0.08074534161490675
d2_heavy,37,kurtosis,0.18576388888888895
d2_heavy,38,mean,0.6666666666666666
d2_heavy,38,variance,-0.04661016949152536
d2_heavy,38,kurtosis,0.10360360360360336
d2_heavy,39,mean,0.6576923076923075
d2_heavy,39,variance,0.12068965517241378
d2_heavy,39,kurtosis,-0.03759398496240587
d2_heavy,40,mean,0.5753968253968251
d2_heavy,40,variance,0.010948905109488817
d2_heavy,40,kurtosis,-0.3144531250000001
d2_heavy,41,mean,0.5625000000000001
d2_heavy,41,variance,-0.03007518796992485
d2_heavy,41,kurtosis,0.06886227544910191
d2_heavy,42,mean,0.579479768786127
d2_heavy,42,variance,-0.24161073825503365
d2_heavy,42,kurtosis,-0.1080508474576271
d2_heavy,43,mean,0.5561224489795917
d2_heavy,43,variance,0.20370370370370375
d2_heavy,43,kurtosis,0.13020833333333334
d2_heavy,44,mean,0.5378787878787881
d2_heavy,44,variance,-0.07303370786516851
d2_heavy,44,kurtosis,0.2869718309859152
d2_heavy,45,mean,0.9287878787878787
d2_heavy,45,variance,-0.06538461538461536
d2_heavy,45,kurtosis,0.0665137614678901
d2_heavy,46,mean,0.3820754716981132
d2_heavy,46,variance,-0.032534246575342395
d2_heavy,46,kurtosis,-0.20166666666666652
d2_heavy,47,mean,0.4821428571428571
d2_heavy,47,variance,-0.13385826771653533
d2_heavy,47,kurtosis,0.1105072463768115
d2_heavy,48,mean,0.5532544378698225
d2_heavy,48,variance,-0.2079646017699114
d2_heavy,48,kurtosis,-0.30154639175257747
d2_heavy,49,mean,0.5822368421052632
d2_heavy,49,variance,-0.21226415094339618
d2_heavy,49,kurtosis,0.17168674698795178
d2_heavy,50,mean,0.673529411764706
d2_heavy,50,variance,0.12401574803149591
d2_heavy,50,kurtosis,-0.02777777777777793
d2_heavy,51,mean,0.5468749999999999
d2_heavy,51,variance,0.16549295774647874
d2_heavy,51,kurtosis,0.23008849557522107
d2_heavy,52,mean,0.5898437499999998
d2_heavy,52,variance,0.10357142857142891
d2_heavy,52,kurtosis,0.03716216216216228
d2_heavy,53,mean,0.6220588235294118
d2_heavy,53,variance,-0.25625000000000003
d2_heavy,53,kurtosis,0.08559782608695664
d2_heavy,54,mean,0.8255494505494508
d2_heavy,54,variance,0.20720720720720723
d2_heavy,54,kurtosis,-0.047131147540983506
d2_heavy,55,mean,0.6411764705882351
d2_heavy,55,variance,-0.13200000000000003
d2_heavy,55,kurtosis,-0.15
d2_heavy,56,mean,0.7515060240963857
d2_heavy,56,variance,0.27554744525547437
d2_heavy,56,kurtosis,-0.09259259259259259
d2_heavy,57,mean,0.697368421052632
d2_heavy,57,variance,-0.10470085470085472
d2_heavy,57,kurtosis,-0.01724137931034497
d2_heavy,58,mean,0.9188311688311689
d2_heavy,58,variance,0.03244274809160304
d2_heavy,58,kurtosis,0.07142857142857148
d2_heavy,59,mean,0.4888888888888889
d2_heavy,59,variance,0.5809352517985613
d2_heavy,59,kurtosis,0.06250000000000017
d2_heavy,60,mean,0.41133720930232553
d2_heavy,60,variance,0.264705882352941
d2_heavy,60,kurtosis,-0.18181818181818177
d2_heavy,61,mean,0.5643274853801169
d2_heavy,61,variance,0.03448275862068953
d2_heavy,61,kurtosis,0.24500000000000022
d2_heavy,62,mean,0.6775147928994083
d2_heavy,62,variance,0.019230769230769388
d2_heavy,62,kurtosis,0.02500000000000006
d2_heavy,63,mean,0.4457831325301206
d2_heavy,63,variance,0.33119658119658135
d2_heavy,63,kurtosis,-0.1924603174603174
d2_heavy,64,mean,0.520967741935484
d2_heavy,64,variance,0.13148148148148164
d2_heavy,64,kurtosis,-0.2570921985815603
d2_heavy,65,mean,0.5344827586206898
d2_heavy,65,variance,0.14370078740157483
d2_heavy,65,kurtosis,0.3039568345323741
d2_heavy,66,mean,0.7855113636363634
d2_heavy,66,variance,0.07225433526011558
d2_heavy,66,kurtosis,-0.1843220338983049
d2_heavy,67,mean,0.828212290502793
d2_heavy,67,variance,0.019867549668874333
d2_heavy,67,kurtosis,-0.17514970059880233
d2_heavy,68,mean,0.5458579881656803
d2_heavy,68,variance,0.1320754716981132
d2_heavy,68,kurtosis,0.07262569832402228
d2_heavy,69,mean,0.946875
d2_heavy,69,variance,0.19642857142857156
d2_heavy,69,kurtosis,-0.026119402985074737
d2_heavy,70,mean,0.44763513513513503
d2_heavy,70,variance,0.05942622950819654
d2_heavy,70,kurtosis,-0.3950381679389315
d2_heavy,71,mean,0.35302197802197816
d2_heavy,71,variance,-0.04513888888888885
d2_heavy,71,kurtosis,0.02901785714285692
d2_heavy,72,mean,0.3522727272727273
d2_heavy,72,variance,0.02941176470588231
d2_heavy,72,kurtosis,-0.16346153846153838
d2_heavy,73,mean,0.6587078651685396
d2_heavy,73,variance,0.15748031496063
d2_heavy,73,kurtosis,-0.2517482517482517
d2_heavy,74,mean,0.5160427807486629
d2_heavy,74,variance,-0.2108433734939758
d2_heavy,74,kurtosis,-0.36585365853658547
d2_heavy,75,mean,0.47258064516129034
d2_heavy,75,variance,0.26446280991735527
d2_heavy,75,kurtosis,0.16612903225806444
d2_heavy,76,mean,0.5066489361702124
d2_heavy,76,variance,0.027522935779816744
d2_heavy,76,kurtosis,-0.06521739130434782
d2_heavy,77,mean,0.6724806201550388
d2_heavy,77,variance,0.15090090090090083
d2_heavy,77,kurtosis,0.0745192307692309
d2_heavy,78,mean,0.6187500000000001
d2_heavy,78,variance,0.055000000000000014
d2_heavy,78,kurtosis,0.08695652173913052
d2_heavy,79,mean,0.38874345549738204
d2_heavy,79,variance,0.184840425531915
d2_heavy,79,kurtosis,-0.18611111111111137
d2_heavy,80,mean,0.3132022471910113
d2_heavy,80,variance,0.36855670103092786
d2_heavy,80,kurtosis,-0.05794701986754975
d2_heavy,81,mean,0.5527027027027026
d2_heavy,81,variance,-0.031437125748503
d2_heavy,81,kurtosis,-0.29464285714285715
d2_heavy,82,mean,0.7391304347826088
d2_heavy,82,variance,0.18613138686131378
d2_heavy,82,kurtosis,-0.369402985074627
d2_heavy,83,mean,0.5486486486486487
d2_heavy,83,variance,-0.011450381679389068
d2_heavy,83,kurtosis,-0.17063492063492067
d2_heavy,84,mean,0.5952380952380953
d2_heavy,84,variance,-0.19153225806451601
d2_heavy,84,kurtosis,-0.31934306569343074
d2_heavy,85,mean,0.3821022727272728
d2_heavy,85,variance,0.20769230769230773
d2_heavy,85,kurtosis,0.10185185185185197
d2_heavy,86,mean,0.38743455497382207
d2_heavy,86,variance,0.023550724637681302
d2_heavy,86,kurtosis,-0.010869565217391396
d2_heavy,87,mean,0.6892361111111113
d2_heavy,87,variance,-0.3750000000000001
d2_heavy,87,kurtosis,0.05743243243243243
d2_heavy,88,mean,0.5943877551020409
d2_heavy,88,variance,0.023550724637681302
d2_heavy,88,kurtosis,-0.028716216216216214
d2_heavy,89,mean,0.5350000000000001
d2_heavy,89,variance,0.15853658536585358
d2_heavy,89,kurtosis,-0.31300813008130096
d2_heavy,90,mean,0.4649681528662425
d2_heavy,90,variance,0.13184931506849307
d2_heavy,90,kurtosis,0.1372549019607843
d2_heavy,91,mean,0.6703296703296703
d2_heavy,91,variance,-0.12408759124087601
d2_heavy,91,kurtosis,-0.16210937500000017
d2_heavy,92,mean,0.4771573604060913
d2_heavy,92,variance,0.17156862745098023
d2_heavy,92,kurtosis,-0.3076923076923076
d2_heavy,93,mean,0.4839181286549706
d2_heavy,93,variance,-0.20862068965517253
d2_heavy,93,kurtosis,0.1572847682119204
d2_heavy,94,mean,0.40573770491803274
d2_heavy,94,variance,-0.06125827814569537
d2_heavy,94,kurtosis,-0.01418439716312058
d2_heavy,95,mean,0.43951612903225795
d2_heavy,95,variance,-0.20149253731343286
d2_heavy,95,kurtosis,-0.2996031746031745
d2_heavy,96,mean,0.6734693877551023
d2_heavy,96,variance,0.10294117647058817
d2_heavy,96,kurtosis,0.1409090909090908
d2_heavy,97,mean,0.5307692307692308
d2_heavy,97,variance,0.22198275862068959
d2_heavy,97,kurtosis,-0.6176470588235293
d2_heavy,98,mean,0.6032934131736528
d2_heavy,98,variance,0.40769230769230796
d2_heavy,98,kurtosis,-0.17384105960264895
d2_heavy,99,mean,0.5986842105263159
d2_heavy,99,variance,0.1672661870503596
d2_heavy,99,kurtosis,0.020642201834862355
