rule,condition,seed,stat,ai
expectile,clean,0,mean,0.9275
expectile,clean,0,variance,0.09868421052631579
expectile,clean,0,kurtosis,-0.010582010582010594
expectile,clean,1,mean,0.7749999999999999
expectile,clean,1,variance,0.06125000000000003
expectile,clean,1,kurtosis,0.07988165680473361
expectile,clean,2,mean,0.7117346938775513
expectile,clean,2,variance,0.13764044943820233
expectile,clean,2,kurtosis,-0.10416666666666652
expectile,clean,3,mean,0.8801020408163266
expectile,clean,3,variance,0.10252808988764052
expectile,clean,3,kurtosis,0.0048076923076922065
expectile,clean,4,mean,0.6466836734693878
expectile,clean,4,variance,0.09090909090909073
expectile,clean,4,kurtosis,-0.18676470588235286
expectile,clean,5,mean,0.8932160804020101
expectile,clean,5,variance,0.1002824858757063
expectile,clean,5,kurtosis,0.07936507936507933
expectile,clean,6,mean,0.8574999999999999
expectile,clean,6,variance,-0.11325966850828732
expectile,clean,6,kurtosis,-0.143041237113402
expectile,clean,7,mean,0.7461734693877553
expectile,clean,7,variance,0.004999999999999893
expectile,clean,7,kurtosis,-0.060483870967741826
expectile,clean,8,mean,0.8387500000000001
expectile,clean,8,variance,-0.025684931506849376
expectile,clean,8,kurtosis,0.013749999999999929
expectile,clean,9,mean,0.79
expectile,clean,9,variance,-0.041223404255319215
expectile,clean,9,kurtosis,-0.12709497206703912
expectile,clean,10,mean,0.8462500000000002
expectile,clean,10,variance,-0.11250000000000004
expectile,clean,10,kurtosis,-0.16493055555555544
expectile,clean,11,mean,0.8800000000000001
expectile,clean,11,variance,0.05999999999999999
expectile,clean,11,kurtosis,0.03020134228187915
expectile,clean,12,mean,0.8237500000000002
expectile,clean,12,variance,-0.003886010362694218
expectile,clean,12,kurtosis,0.05874316939890705
expectile,clean,13,mean,0.8387499999999999
expectile,clean,13,variance,0.2612359550561799
expectile,clean,13,kurtosis,0.1363636363636363
expectile,clean,14,mean,0.7687499999999998
expectile,clean,14,variance,-0.2700534759358289
expectile,clean,14,kurtosis,0.38829787234042545
expectile,clean,15,mean,0.8062500000000001
expectile,clean,15,variance,0.12367021276595765
expectile,clean,15,kurtosis,-0.08231707317073172
expectile,clean,16,mean,0.78
expectile,clean,16,variance,0.16713483146067407
expectile,clean,16,kurtosis,-0.036337209302325583
expectile,clean,17,mean,0.8250000000000002
expectile,clean,17,variance,0.11592178770949721
expectile,clean,17,kurtosis,-0.04076086956521737
expectile,clean,18,mean,0.61625
expectile,clean,18,variance,-0.02058823529411773
expectile,clean,18,kurtosis,0.15163934426229503
expectile,clean,19,mean,0.7324999999999999
expectile,clean,19,variance,0.18012422360248445
expectile,clean,19,kurtosis,-0.08068783068783074
expectile,clean,20,mean,0.84125
expectile,clean,20,variance,0.13994565217391314
expectile,clean,20,kurtosis,0.08031088082901545
expectile,clean,21,mean,0.91875
expectile,clean,21,variance,0.033068783068783074
expectile,clean,21,kurtosis,0.07516339869281029
expectile,clean,22,mean,0.7187500000000002
expectile,clean,22,variance,-0.132867132867133
expectile,clean,22,kurtosis,-0.06432748538011704
expectile,clean,23,mean,0.729591836734694
expectile,clean,23,variance,0.01794871794871779
expectile,clean,23,kurtosis,-0.09342105263157895
expectile,clean,24,mean,0.6699999999999999
expectile,clean,24,variance,0.03070175438596478
expectile,clean,24,kurtosis,0.048941798941799085
expectile,clean,25,mean,0.6912499999999999
expectile,clean,25,variance,-0.17245989304812834
expectile,clean,25,kurtosis,0.009615384615384652
expectile,clean,26,mean,0.8662500000000002
expectile,clean,26,variance,-0.07638888888888899
expectile,clean,26,kurtosis,0.0028248587570620857
expectile,clean,27,mean,0.7674731182795697
expectile,clean,27,variance,-0.06557377049180335
expectile,clean,27,kurtosis,-0.19767441860465118
expectile,clean,28,mean,0.7737499999999999
expectile,clean,28,variance,-0.06250000000000004
expectile,clean,28,kurtosis,-0.15688775510204087
expectile,clean,29,mean,0.9175
expectile,clean,29,variance,0.1625000000000001
expectile,clean,29,kurtosis,0.04420731707317061
expectile,noisy_learn,0,mean,0.96
expectile,noisy_learn,0,variance,0.03947368421052641
expectile,noisy_learn,0,kurtosis,-0.04654255319148932
expectile,noisy_learn,1,mean,0.8275000000000001
expectile,noisy_learn,1,variance,-0.13530927835051557
expectile,noisy_learn,1,kurtosis,-0.11348684210526304
expectile,noisy_learn,2,mean,0.6628787878787881
expectile,noisy_learn,2,variance,0.14197530864197533
expectile,noisy_learn,2,kurtosis,-0.16666666666666657
expectile,noisy_learn,3,mean,0.8214285714285716
expectile,noisy_learn,3,variance,0.05056179775280891
expectile,noisy_learn,3,kurtosis,-0.05865921787709496
expectile,noisy_learn,4,mean,0.6875000000000001
expectile,noisy_learn,4,variance,0.23882681564245822
expectile,noisy_learn,4,kurtosis,-0.16473988439306358
expectile,noisy_learn,5,mean,0.905
expectile,noisy_learn,5,variance,0.1067415730337081
expectile,noisy_learn,5,kurtosis,0.026881720430107427
expectile,noisy_learn,6,mean,0.9199999999999999
expectile,noisy_learn,6,variance,-0.09116022099447516
expectile,noisy_learn,6,kurtosis,-0.08118556701030916
expectile,noisy_learn,7,mean,0.8124999999999998
expectile,noisy_learn,7,variance,0.08374999999999999
expectile,noisy_learn,7,kurtosis,-0.0013440860215053474
expectile,noisy_learn,8,mean,0.9612499999999999
expectile,noisy_learn,8,variance,0.07119205298013244
expectile,noisy_learn,8,kurtosis,0.1087499999999999
expectile,noisy_learn,9,mean,0.7974999999999999
expectile,noisy_learn,9,variance,-0.048177083333333225
expectile,noisy_learn,9,kurtosis,-0.10863095238095227
expectile,noisy_learn,10,mean,0.8675000000000002
expectile,noisy_learn,10,variance,-0.14625
expectile,noisy_learn,10,kurtosis,-0.19277108433734955
expectile,noisy_learn,11,mean,0.9124999999999999
expectile,noisy_learn,11,variance,0.015536723163841724
expectile,noisy_learn,11,kurtosis,-0.027486910994764274
expectile,noisy_learn,12,mean,0.8012500000000002
expectile,noisy_learn,12,variance,-0.013089005235602047
expectile,noisy_learn,12,kurtosis,0.0511049723756905
expectile,noisy_learn,13,mean,0.7887500000000001
expectile,noisy_learn,13,variance,0.09852941176470587
expectile,noisy_learn,13,kurtosis,0.19047619047619044
expectile,noisy_learn,14,mean,0.8312500000000003
expectile,noisy_learn,14,variance,-0.28867403314917134
expectile,noisy_learn,14,kurtosis,0.27393617021276595
expectile,noisy_learn,15,mean,0.8775
expectile,noisy_learn,15,variance,0.09574468085106393
expectile,noisy_learn,15,kurtosis,-0.09803921568627458
expectile,noisy_learn,16,mean,0.73875
expectile,noisy_learn,16,variance,0.17556179775280897
expectile,noisy_learn,16,kurtosis,-0.17919075144508678
expectile,noisy_learn,17,mean,0.835
expectile,noisy_learn,17,variance,0.09615384615384609
expectile,noisy_learn,17,kurtosis,0.060439560439560634
expectile,noisy_learn,18,mean,0.5675000000000001
expectile,noisy_learn,18,variance,0.1441717791411045
expectile,noisy_learn,18,kurtosis,0.06382978723404262
expectile,noisy_learn,19,mean,0.8058375634517763
expectile,noisy_learn,19,variance,0.138719512195122
expectile,noisy_learn,19,kurtosis,-0.13815789473684198
expectile,noisy_learn,20,mean,0.8612500000000001
expectile,noisy_learn,20,variance,0.13524590163934433
expectile,noisy_learn,20,kurtosis,0.18625000000000003
expectile,noisy_learn,21,mean,0.8675000000000002
expectile,noisy_learn,21,variance,-0.07275132275132286
expectile,noisy_learn,21,kurtosis,0.045031055900620974
expectile,noisy_learn,22,mean,0.70875
expectile,noisy_learn,22,variance,-0.19966442953020144
expectile,noisy_learn,22,kurtosis,-0.09142857142857139
expectile,noisy_learn,23,mean,0.8837499999999998
expectile,noisy_learn,23,variance,-0.039835164835164714
expectile,noisy_learn,23,kurtosis,-0.07894736842105259
expectile,noisy_learn,24,mean,0.66875
expectile,noisy_learn,24,variance,-0.2585227272727273
expectile,noisy_learn,24,kurtosis,0.08549222797927461
expectile,noisy_learn,25,mean,0.7925
expectile,noisy_learn,25,variance,-0.21875000000000006
expectile,noisy_learn,25,kurtosis,0.07062146892655369
expectile,noisy_learn,26,mean,0.8800000000000001
expectile,noisy_learn,26,variance,-0.11621621621621625
expectile,noisy_learn,26,kurtosis,0.029661016949152404
expectile,noisy_learn,27,mean,0.7890624999999997
expectile,noisy_learn,27,variance,-0.08333333333333329
expectile,noisy_learn,27,kurtosis,-0.13352272727272732
expectile,noisy_learn,28,mean,0.7675000000000001
expectile,noisy_learn,28,variance,-0.0026041666666666106
expectile,noisy_learn,28,kurtosis,-0.012500000000000067
expectile,noisy_learn,29,mean,0.8912500000000003
expectile,noisy_learn,29,variance,0.20250000000000012
expectile,noisy_learn,29,kurtosis,0.02941176470588231
expectile,noisy_both,0,mean,0.5817610062893084
expectile,noisy_both,0,variance,0.15979381443298998
expectile,noisy_both,0,kurtosis,0.02694610778443109
expectile,noisy_both,1,mean,0.6494845360824741
expectile,noisy_both,1,variance,0.3055555555555556
expectile,noisy_both,1,kurtosis,-0.22777777777777788
expectile,noisy_both,2,mean,0.6751824817518248
expectile,noisy_both,2,variance,-0.10330578512396699
expectile,noisy_both,2,kurtosis,-0.012411347517730546
expectile,noisy_both,3,mean,0.3318965517241376
expectile,noisy_both,3,variance,0.005952380952381177
expectile,noisy_both,3,kurtosis,-0.07352941176470587
expectile,noisy_both,4,mean,0.19696969696969677
expectile,noisy_both,4,variance,-0.09782608695652162
expectile,noisy_both,4,kurtosis,0.03269230769230803
expectile,noisy_both,5,mean,0.7368421052631581
expectile,noisy_both,5,variance,-0.10135135135135133
expectile,noisy_both,5,kurtosis,-0.0389344262295081
expectile,noisy_both,6,mean,0.5530726256983237
expectile,noisy_both,6,variance,0.061666666666666835
expectile,noisy_both,6,kurtosis,0.19359756097560973
expectile,noisy_both,7,mean,0.5333333333333333
expectile,noisy_both,7,variance,-0.021897810218977964
expectile,noisy_both,7,kurtosis,0.022988505747126454
expectile,noisy_both,8,mean,0.6862499999999998
expectile,noisy_both,8,variance,0.10937499999999976
expectile,noisy_both,8,kurtosis,0.2715053763440859
expectile,noisy_both,9,mean,0.4363905325443785
expectile,noisy_both,9,variance,0.14017341040462414
expectile,noisy_both,9,kurtosis,-0.11021505376344058
expectile,noisy_both,10,mean,0.4736111111111112
expectile,noisy_both,10,variance,-0.16517857142857129
expectile,noisy_both,10,kurtosis,0.03749999999999995
expectile,noisy_both,11,mean,0.6361256544502617
expectile,noisy_both,11,variance,0.10447761194029861
expectile,noisy_both,11,kurtosis,-0.10430463576158937
expectile,noisy_both,12,mean,0.46875
expectile,noisy_both,12,variance,0.33333333333333315
expectile,noisy_both,12,kurtosis,0.051886792452830205
expectile,noisy_both,13,mean,0.52875
expectile,noisy_both,13,variance,0.043103448275862294
expectile,noisy_both,13,kurtosis,0.2837837837837838
expectile,noisy_both,14,mean,0.5215517241379307
expectile,noisy_both,14,variance,-0.35666666666666674
expectile,noisy_both,14,kurtosis,0.3010948905109486
expectile,noisy_both,15,mean,0.5714285714285713
expectile,noisy_both,15,variance,-0.1022727272727273
expectile,noisy_both,15,kurtosis,0.10971223021582727
expectile,noisy_both,16,mean,0.34821428571428575
expectile,noisy_both,16,variance,0.23599999999999993
expectile,noisy_both,16,kurtosis,-0.34684684684684675
expectile,noisy_both,17,mean,0.510233918128655
expectile,noisy_both,17,variance,0.17773437500000006
expectile,noisy_both,17,kurtosis,-0.15189873417721536
expectile,noisy_both,18,mean,0.4985380116959066
expectile,noisy_both,18,variance,0.0790816326530609
expectile,noisy_both,18,kurtosis,-0.25572519083969464
expectile,noisy_both,19,mean,0.5362068965517239
expectile,noisy_both,19,variance,0.3198051948051946
expectile,noisy_both,19,kurtosis,-0.1407766990291262
expectile,noisy_both,20,mean,0.4948979591836734
expectile,noisy_both,20,variance,0.03781512605042011
expectile,noisy_both,20,kurtosis,-0.09696969696969707
expectile,noisy_both,21,mean,0.5877659574468088
expectile,noisy_both,21,variance,-0.16836734693877553
expectile,noisy_both,21,kurtosis,0.05519480519480517
expectile,noisy_both,22,mean,0.47702702702702715
expectile,noisy_both,22,variance,-0.36458333333333326
expectile,noisy_both,22,kurtosis,-0.1987179487179486
expectile,noisy_both,23,mean,0.6734972677595626
expectile,noisy_both,23,variance,0.10999999999999988
expectile,noisy_both,23,kurtosis,0.05891719745222916
expectile,noisy_both,24,mean,0.37768817204301075
expectile,noisy_both,24,variance,-0.03159340659340666
expectile,noisy_both,24,kurtosis,0.01861702127659582
expectile,noisy_both,25,mean,0.3742424242424241
expectile,noisy_both,25,variance,-0.24677419354838703
expectile,noisy_both,25,kurtosis,0.015957446808510613
expectile,noisy_both,26,mean,0.5072254335260117
expectile,noisy_both,26,variance,-0.15151515151515138
expectile,noisy_both,26,kurtosis,0.10443037974683549
expectile,noisy_both,27,mean,0.5742857142857142
expectile,noisy_both,27,variance,-0.09429824561403505
expectile,noisy_both,27,kurtosis,-0.12368421052631594
expectile,noisy_both,28,mean,0.42057291666666663
expectile,noisy_both,28,variance,0.05732484076433111
expectile,noisy_both,28,kurtosis,-0.08661417322834639
expectile,noisy_both,29,mean,0.7931937172774867
expectile,noisy_both,29,variance,0.030120481927711017
expectile,noisy_both,29,kurtosis,-0.0721830985915493
quantile,clean,0,mean,0.9075
quantile,clean,0,variance,-0.025773195876288565
quantile,clean,0,kurtosis,0.005291005291005179
quantile,clean,1,mean,0.7437499999999999
quantile,clean,1,variance,0.024358974358974293
quantile,clean,1,kurtosis,-0.07653061224489797
quantile,clean,2,mean,0.6173469387755102
quantile,clean,2,variance,0.40757575757575754
quantile,clean,2,kurtosis,-0.13970588235294107
quantile,clean,3,mean,0.8086734693877553
quantile,clean,3,variance,0.03826530612244907
quantile,clean,3,kurtosis,-0.04967948717948713
quantile,clean,4,mean,0.6441798941798944
quantile,clean,4,variance,0.09117647058823543
quantile,clean,4,kurtosis,-0.2355491329479769
quantile,clean,5,mean,0.8730964467005077
quantile,clean,5,variance,0.1941340782122906
quantile,clean,5,kurtosis,0.1124338624338624
quantile,clean,6,mean,0.76125
quantile,clean,6,variance,0.08559782608695639
quantile,clean,6,kurtosis,-0.12242268041237105
quantile,clean,7,mean,0.673469387755102
quantile,clean,7,variance,0.2166666666666666
quantile,clean,7,kurtosis,-0.08862433862433874
quantile,clean,8,mean,0.825
quantile,clean,8,variance,0.20165745856353604
quantile,clean,8,kurtosis,0.07125000000000004
quantile,clean,9,mean,0.78375
quantile,clean,9,variance,0.1625000000000001
quantile,clean,9,kurtosis,-0.15745856353591167
quantile,clean,10,mean,0.8537500000000002
quantile,clean,10,variance,0.25750000000000006
quantile,clean,10,kurtosis,-0.18750000000000003
quantile,clean,11,mean,0.8662500000000002
quantile,clean,11,variance,0.3562500000000002
quantile,clean,11,kurtosis,-0.06687898089171972
quantile,clean,12,mean,0.76
quantile,clean,12,variance,0.35250000000000004
quantile,clean,12,kurtosis,0.026685393258426893
quantile,clean,13,mean,0.7775000000000001
quantile,clean,13,variance,0.2982954545454545
quantile,clean,13,kurtosis,0.2251381215469612
quantile,clean,14,mean,0.74
quantile,clean,14,variance,0.06735751295336782
quantile,clean,14,kurtosis,0.41489361702127664
quantile,clean,15,mean,0.7775000000000001
quantile,clean,15,variance,0.1748704663212435
quantile,clean,15,kurtosis,-0.05392156862745098
quantile,clean,16,mean,0.7375
quantile,clean,16,variance,0.11340206185567021
quantile,clean,16,kurtosis,-0.069526627218935
quantile,clean,17,mean,0.8250000000000002
quantile,clean,17,variance,0.10875000000000012
quantile,clean,17,kurtosis,-0.06929347826086954
quantile,clean,18,mean,0.56
quantile,clean,18,variance,0.13988095238095233
quantile,clean,18,kurtosis,0.13430851063829785
quantile,clean,19,mean,0.65
quantile,clean,19,variance,0.14705882352941171
quantile,clean,19,kurtosis,-0.05468749999999998
quantile,clean,20,mean,0.84125
quantile,clean,20,variance,0.17319277108433712
quantile,clean,20,kurtosis,0.10751295336787567
quantile,clean,21,mean,0.895
quantile,clean,21,variance,0.2551282051282049
quantile,clean,21,kurtosis,0.07317073170731715
quantile,clean,22,mean,0.6512500000000001
quantile,clean,22,variance,0.049418604651162774
quantile,clean,22,kurtosis,-0.13343558282208587
quantile,clean,23,mean,0.6907216494845361
quantile,clean,23,variance,0.009615384615384652
quantile,clean,23,kurtosis,-0.03289473684210526
quantile,clean,24,mean,0.625
quantile,clean,24,variance,0.23697916666666666
quantile,clean,24,kurtosis,0.14248704663212425
quantile,clean,25,mean,0.6600000000000001
quantile,clean,25,variance,0.08124999999999982
quantile,clean,25,kurtosis,0.00668449197860972
quantile,clean,26,mean,0.8199999999999998
quantile,clean,26,variance,0.10427807486631006
quantile,clean,26,kurtosis,-0.03531073446327683
quantile,clean,27,mean,0.7554347826086956
quantile,clean,27,variance,0.05555555555555567
quantile,clean,27,kurtosis,-0.17296511627906969
quantile,clean,28,mean,0.7
quantile,clean,28,variance,0.13530927835051557
quantile,clean,28,kurtosis,-0.11999999999999988
quantile,clean,29,mean,0.8425
quantile,clean,29,variance,0.29000000000000004
quantile,clean,29,kurtosis,0.01718749999999991
quantile,noisy_learn,0,mean,0.5325
quantile,noisy_learn,0,variance,-0.12105263157894737
quantile,noisy_learn,0,kurtosis,0.027343750000000104
quantile,noisy_learn,1,mean,0.5837500000000002
quantile,noisy_learn,1,variance,-0.1111111111111111
quantile,noisy_learn,1,kurtosis,-0.06690140845070434
quantile,noisy_learn,2,mean,0.3968253968253967
quantile,noisy_learn,2,variance,0.13593749999999988
quantile,noisy_learn,2,kurtosis,-0.14285714285714274
quantile,noisy_learn,3,mean,0.523560209424084
quantile,noisy_learn,3,variance,-0.021505376344086037
quantile,noisy_learn,3,kurtosis,-0.02329192546583842
quantile,noisy_learn,4,mean,0.49859550561797744
quantile,noisy_learn,4,variance,-0.009562841530054685
quantile,noisy_learn,4,kurtosis,-0.24566473988439302
quantile,noisy_learn,5,mean,0.5637755102040819
quantile,noisy_learn,5,variance,0.11063218390804593
quantile,noisy_learn,5,kurtosis,0.07275132275132286
quantile,noisy_learn,6,mean,0.59375
quantile,noisy_learn,6,variance,-0.0702247191011236
quantile,noisy_learn,6,kurtosis,-0.1456185567010309
quantile,noisy_learn,7,mean,0.4629120879120877
quantile,noisy_learn,7,variance,0.08205128205128212
quantile,noisy_learn,7,kurtosis,-0.09392265193370161
quantile,noisy_learn,8,mean,0.6862499999999998
quantile,noisy_learn,8,variance,0.03915662650602433
quantile,noisy_learn,8,kurtosis,0.07374999999999998
quantile,noisy_learn,9,mean,0.6315789473684211
quantile,noisy_learn,9,variance,-0.014248704663212479
quantile,noisy_learn,9,kurtosis,-0.08233532934131732
quantile,noisy_learn,10,mean,0.64375
quantile,noisy_learn,10,variance,0.05750000000000011
quantile,noisy_learn,10,kurtosis,-0.1500000000000001
quantile,noisy_learn,11,mean,0.7575000000000001
quantile,noisy_learn,11,variance,0.026455026455026367
quantile,noisy_learn,11,kurtosis,-0.028846153846153837
quantile,noisy_learn,12,mean,0.69
quantile,noisy_learn,12,variance,0.05681818181818197
quantile,noisy_learn,12,kurtosis,0.06460674157303357
quantile,noisy_learn,13,mean,0.63625
quantile,noisy_learn,13,variance,0.1716867469879519
quantile,noisy_learn,13,kurtosis,0.25
quantile,noisy_learn,14,mean,0.5012755102040816
quantile,noisy_learn,14,variance,-0.19948186528497414
quantile,noisy_learn,14,kurtosis,0.30452127659574474
quantile,noisy_learn,15,mean,0.7329842931937174
quantile,noisy_learn,15,variance,0.02659574468085097
quantile,noisy_learn,15,kurtosis,-0.08766233766233764
quantile,noisy_learn,16,mean,0.5631443298969071
quantile,noisy_learn,16,variance,0.041899441340782224
quantile,noisy_learn,16,kurtosis,-0.11390532544378705
quantile,noisy_learn,17,mean,0.59625
quantile,noisy_learn,17,variance,0.09358288770053468
quantile,noisy_learn,17,kurtosis,0.032786885245901676
quantile,noisy_learn,18,mean,0.43679775280898875
quantile,noisy_learn,18,variance,0.10876623376623375
quantile,noisy_learn,18,kurtosis,0.15292553191489366
quantile,noisy_learn,19,mean,0.4864864864864864
quantile,noisy_learn,19,variance,0.03714285714285711
quantile,noisy_learn,19,kurtosis,-0.08026315789473688
quantile,noisy_learn,20,mean,0.61625
quantile,noisy_learn,20,variance,0.07098765432098778
quantile,noisy_learn,20,kurtosis,0.052295918367346955
quantile,noisy_learn,21,mean,0.7037499999999999
quantile,noisy_learn,21,variance,0.011904761904761888
quantile,noisy_learn,21,kurtosis,-0.009316770186335479
quantile,noisy_learn,22,mean,0.5025
quantile,noisy_learn,22,variance,-0.17610062893081752
quantile,noisy_learn,22,kurtosis,-0.11377245508982044
quantile,noisy_learn,23,mean,0.5621693121693123
quantile,noisy_learn,23,variance,-0.1033519553072626
quantile,noisy_learn,23,kurtosis,-0.1868421052631579
quantile,noisy_learn,24,mean,0.28333333333333344
quantile,noisy_learn,24,variance,0.06557377049180335
quantile,noisy_learn,24,kurtosis,0.10233160621761667
quantile,noisy_learn,25,mean,0.36375
quantile,noisy_learn,25,variance,-0.22994652406417107
quantile,noisy_learn,25,kurtosis,0.2322404371584699
quantile,noisy_learn,26,mean,0.6087500000000001
quantile,noisy_learn,26,variance,-0.07650273224043724
quantile,noisy_learn,26,kurtosis,0.07768361581920911
quantile,noisy_learn,27,mean,0.47961956521739124
quantile,noisy_learn,27,variance,-0.002890173410404692
quantile,noisy_learn,27,kurtosis,-0.1946022727272726
quantile,noisy_learn,28,mean,0.4537499999999999
quantile,noisy_learn,28,variance,0.00802139037433138
quantile,noisy_learn,28,kurtosis,-0.07250000000000001
quantile,noisy_learn,29,mean,0.7875000000000001
quantile,noisy_learn,29,variance,0.1753926701570681
quantile,noisy_learn,29,kurtosis,0.11201298701298722
quantile,noisy_both,0,mean,0.46376811594202866
quantile,noisy_both,0,variance,0.1540697674418602
quantile,noisy_both,0,kurtosis,0.05172413793103466
quantile,noisy_both,1,mean,0.5467032967032966
quantile,noisy_both,1,variance,0.14482758620689645
quantile,noisy_both,1,kurtosis,-0.028124999999999963
quantile,noisy_both,2,mean,0.3249999999999998
quantile,noisy_both,2,variance,-0.3833333333333331
quantile,noisy_both,2,kurtosis,0.029720279720279696
quantile,noisy_both,3,mean,0.08281250000000018
quantile,noisy_both,3,variance,-0.0531496062992125
quantile,noisy_both,3,kurtosis,0.0899999999999999
quantile,noisy_both,4,mean,0.026548672566371903
quantile,noisy_both,4,variance,0.062111801242235795
quantile,noisy_both,4,kurtosis,0.08789062499999988
quantile,noisy_both,5,mean,0.5796703296703294
quantile,noisy_both,5,variance,-0.11013986013986007
quantile,noisy_both,5,kurtosis,0.05200000000000031
quantile,noisy_both,6,mean,0.266025641025641
quantile,noisy_both,6,variance,0.026595744680851123
quantile,noisy_both,6,kurtosis,0.18518518518518512
quantile,noisy_both,7,mean,0.28100775193798433
quantile,noisy_both,7,variance,0.10077519379844953
quantile,noisy_both,7,kurtosis,0.021428571428571398
quantile,noisy_both,8,mean,0.4502617801047122
quantile,noisy_both,8,variance,0.016260162601626035
quantile,noisy_both,8,kurtosis,0.2824074074074074
quantile,noisy_both,9,mean,0.40192307692307694
quantile,noisy_both,9,variance,0.06676136363636372
quantile,noisy_both,9,kurtosis,-0.050561797752808925
quantile,noisy_both,10,mean,0.3368794326241132
quantile,noisy_both,10,variance,-0.14176829268292682
quantile,noisy_both,10,kurtosis,-0.048245614035087855
quantile,noisy_both,11,mean,0.5983333333333333
quantile,noisy_both,11,variance,-0.007692307692307871
quantile,noisy_both,11,kurtosis,-0.09395973154362426
quantile,noisy_both,12,mean,0.3582474226804123
quantile,noisy_both,12,variance,0.2914438502673797
quantile,noisy_both,12,kurtosis,0.016025641025640972
quantile,noisy_both,13,mean,0.3942307692307693
quantile,noisy_both,13,variance,0.07391304347826085
quantile,noisy_both,13,kurtosis,0.17482517482517476
quantile,noisy_both,14,mean,0.24685534591194974
quantile,noisy_both,14,variance,-0.42962962962962964
quantile,noisy_both,14,kurtosis,0.26978417266187055
quantile,noisy_both,15,mean,0.3142361111111112
quantile,noisy_both,15,variance,-0.18220338983050832
quantile,noisy_both,15,kurtosis,0.0370370370370369
quantile,noisy_both,16,mean,0.2620689655172413
quantile,noisy_both,16,variance,0.4646226415094341
quantile,noisy_both,16,kurtosis,-0.34114583333333326
quantile,noisy_both,17,mean,0.3827160493827161
quantile,noisy_both,17,variance,0.2913669064748202
quantile,noisy_both,17,kurtosis,-0.05782312925170065
quantile,noisy_both,18,mean,0.29545454545454575
quantile,noisy_both,18,variance,0.24752475247524758
quantile,noisy_both,18,kurtosis,-0.11861313868613128
quantile,noisy_both,19,mean,0.06640625000000033
quantile,noisy_both,19,variance,0.21153846153846173
quantile,noisy_both,19,kurtosis,-0.1295454545454544
quantile,noisy_both,20,mean,0.4324324324324323
quantile,noisy_both,20,variance,-0.03632478632478612
quantile,noisy_both,20,kurtosis,-0.25000000000000017
quantile,noisy_both,21,mean,0.28787878787878796
quantile,noisy_both,21,variance,-0.15397350993377476
quantile,noisy_both,21,kurtosis,0.07831325301204813
quantile,noisy_both,22,mean,0.2426035502958581
quantile,noisy_both,22,variance,-0.3181818181818183
quantile,noisy_both,22,kurtosis,-0.06919642857142848
quantile,noisy_both,23,mean,0.4089403973509934
quantile,noisy_both,23,variance,0.1813725490196079
quantile,noisy_both,23,kurtosis,-0.0029239766081870723
quantile,noisy_both,24,mean,0.13135593220338976
quantile,noisy_both,24,variance,0.06886227544910191
quantile,noisy_both,24,kurtosis,0.05706521739130413
quantile,noisy_both,25,mean,0.07534246575342488
quantile,noisy_both,25,variance,-0.20673076923076938
quantile,noisy_both,25,kurtosis,0.0
quantile,noisy_both,26,mean,0.3193548387096775
quantile,noisy_both,26,variance,-0.015000000000000131
quantile,noisy_both,26,kurtosis,0.1174496644295301
quantile,noisy_both,27,mean,0.3143712574850298
quantile,noisy_both,27,variance,-0.0951327433628318
quantile,noisy_both,27,kurtosis,-0.23563218390804577
quantile,noisy_both,28,mean,0.18934911242603564
quantile,noisy_both,28,variance,0.012152777777777828
quantile,noisy_both,28,kurtosis,-0.10450819672131141
quantile,noisy_both,29,mean,0.7472972972972974
quantile,noisy_both,29,variance,-0.06250000000000004
quantile,noisy_both,29,kurtosis,0.07993197278911575
