rule,learn_noise_sd,stat,seed,ai
expectile,0.0,mean,0,0.9275
expectile,0.0,variance,0,0.09868421052631579
expectile,0.0,mean,1,0.7749999999999999
expectile,0.0,variance,1,0.06125000000000003
expectile,0.0,mean,2,0.7117346938775513
expectile,0.0,variance,2,0.13764044943820233
expectile,0.0,mean,3,0.8801020408163266
expectile,0.0,variance,3,0.10252808988764052
expectile,0.0,mean,4,0.6466836734693878
expectile,0.0,variance,4,0.09090909090909073
expectile,0.0,mean,5,0.8932160804020101
expectile,0.0,variance,5,0.1002824858757063
expectile,0.0,mean,6,0.8574999999999999
expectile,0.0,variance,6,-0.11325966850828732
expectile,0.0,mean,7,0.7461734693877553
expectile,0.0,variance,7,0.004999999999999893
expectile,0.0,mean,8,0.8387500000000001
expectile,0.0,variance,8,-0.025684931506849376
expectile,0.0,mean,9,0.79
expectile,0.0,variance,9,-0.041223404255319215
expectile,0.0,mean,10,0.8462500000000002
expectile,0.0,variance,10,-0.11250000000000004
expectile,0.0,mean,11,0.8800000000000001
expectile,0.0,variance,11,0.05999999999999999
expectile,0.0,mean,12,0.8237500000000002
expectile,0.0,variance,12,-0.003886010362694218
expectile,0.0,mean,13,0.8387499999999999
expectile,0.0,variance,13,0.2612359550561799
expectile,0.0,mean,14,0.7687499999999998
expectile,0.0,variance,14,-0.2700534759358289
quantile,0.0,mean,0,0.9075
quantile,0.0,variance,0,-0.025773195876288565
quantile,0.0,mean,1,0.7437499999999999
quantile,0.0,variance,1,0.024358974358974293
quantile,0.0,mean,2,0.6173469387755102
quantile,0.0,variance,2,0.40757575757575754
quantile,0.0,mean,3,0.8086734693877553
quantile,0.0,variance,3,0.03826530612244907
quantile,0.0,mean,4,0.6441798941798944
quantile,0.0,variance,4,0.09117647058823543
quantile,0.0,mean,5,0.8730964467005077
quantile,0.0,variance,5,0.1941340782122906
quantile,0.0,mean,6,0.76125
quantile,0.0,variance,6,0.08559782608695639
quantile,0.0,mean,7,0.673469387755102
quantile,0.0,variance,7,0.2166666666666666
quantile,0.0,mean,8,0.825
quantile,0.0,variance,8,0.20165745856353604
quantile,0.0,mean,9,0.78375
quantile,0.0,variance,9,0.1625000000000001
quantile,0.0,mean,10,0.8537500000000002
quantile,0.0,variance,10,0.25750000000000006
quantile,0.0,mean,11,0.8662500000000002
quantile,0.0,variance,11,0.3562500000000002
quantile,0.0,mean,12,0.76
quantile,0.0,variance,12,0.35250000000000004
quantile,0.0,mean,13,0.7775000000000001
quantile,0.0,variance,13,0.2982954545454545
quantile,0.0,mean,14,0.74
quantile,0.0,variance,14,0.06735751295336782
expectile,0.5,mean,0,0.9275
expectile,0.5,variance,0,0.07368421052631563
expectile,0.5,mean,1,0.8087500000000001
expectile,0.5,variance,1,-0.061249999999999916
expectile,0.5,mean,2,0.6951530612244897
expectile,0.5,variance,2,0.16564417177914112
expectile,0.5,mean,3,0.8813775510204082
expectile,0.5,variance,3,0.03230337078651692
expectile,0.5,mean,4,0.6696428571428572
expectile,0.5,variance,4,0.2067039106145252
expectile,0.5,mean,5,0.8887499999999999
expectile,0.5,variance,5,0.0549132947976877
expectile,0.5,mean,6,0.8599999999999999
expectile,0.5,variance,6,-0.06250000000000003
expectile,0.5,mean,7,0.798469387755102
expectile,0.5,variance,7,0.08125000000000004
expectile,0.5,mean,8,0.8775
expectile,0.5,variance,8,0.03231292517006794
expectile,0.5,mean,9,0.78125
expectile,0.5,variance,9,-0.029255319148936258
expectile,0.5,mean,10,0.8675000000000002
expectile,0.5,variance,10,-0.10000000000000009
expectile,0.5,mean,11,0.915
expectile,0.5,variance,11,0.04608938547486034
expectile,0.5,mean,12,0.8237500000000002
expectile,0.5,variance,12,-0.0445026178010471
expectile,0.5,mean,13,0.81375
expectile,0.5,variance,13,0.1700581395348837
expectile,0.5,mean,14,0.7974999999999999
expectile,0.5,variance,14,-0.2776243093922652
quantile,0.5,mean,0,0.8462500000000002
quantile,0.5,variance,0,-0.018041237113402133
quantile,0.5,mean,1,0.7437499999999999
quantile,0.5,variance,1,0.08467741935483857
quantile,0.5,mean,2,0.6173469387755102
quantile,0.5,variance,2,0.3580246913580248
quantile,0.5,mean,3,0.7946428571428572
quantile,0.5,variance,3,0.031746031746031765
quantile,0.5,mean,4,0.6097883597883598
quantile,0.5,variance,4,-0.03846153846153843
quantile,0.5,mean,5,0.8274111675126902
quantile,0.5,variance,5,0.2192737430167598
quantile,0.5,mean,6,0.7312500000000002
quantile,0.5,variance,6,0.07744565217391308
quantile,0.5,mean,7,0.6428571428571428
quantile,0.5,variance,7,0.27820512820512816
quantile,0.5,mean,8,0.825
quantile,0.5,variance,8,0.2223756906077347
quantile,0.5,mean,9,0.7187499999999998
quantile,0.5,variance,9,0.10586734693877575
quantile,0.5,mean,10,0.7725
quantile,0.5,variance,10,0.26750000000000007
quantile,0.5,mean,11,0.8699999999999999
quantile,0.5,variance,11,0.24875000000000003
quantile,0.5,mean,12,0.7650000000000001
quantile,0.5,variance,12,0.20750000000000002
quantile,0.5,mean,13,0.74875
quantile,0.5,variance,13,0.2982456140350876
quantile,0.5,mean,14,0.74125
quantile,0.5,variance,14,-0.11139896373057001
expectile,1.0,mean,0,0.96
expectile,1.0,variance,0,0.025000000000000168
expectile,1.0,mean,1,0.8275000000000001
expectile,1.0,variance,1,-0.09278350515463915
expectile,1.0,mean,2,0.6843434343434345
expectile,1.0,variance,2,0.17088607594936714
expectile,1.0,mean,3,0.9005102040816327
expectile,1.0,variance,3,0.03230337078651692
expectile,1.0,mean,4,0.6683673469387755
expectile,1.0,variance,4,0.22206703910614523
expectile,1.0,mean,5,0.8887499999999999
expectile,1.0,variance,5,0.1115819209039549
expectile,1.0,mean,6,0.8775
expectile,1.0,variance,6,-0.06420765027322414
expectile,1.0,mean,7,0.7825
expectile,1.0,variance,7,0.07374999999999998
expectile,1.0,mean,8,0.9312499999999999
expectile,1.0,variance,8,0.07214765100671133
expectile,1.0,mean,9,0.7974999999999999
expectile,1.0,variance,9,-0.04078947368421059
expectile,1.0,mean,10,0.8675000000000002
expectile,1.0,variance,10,-0.135
expectile,1.0,mean,11,0.9375
expectile,1.0,variance,11,0.03611111111111109
expectile,1.0,mean,12,0.8237500000000002
expectile,1.0,variance,12,-0.03010471204188487
expectile,1.0,mean,13,0.7637499999999999
expectile,1.0,variance,13,0.06395348837209294
expectile,1.0,mean,14,0.8112499999999998
expectile,1.0,variance,14,-0.29143646408839785
quantile,1.0,mean,0,0.7325000000000002
quantile,1.0,variance,0,-0.037371134020618556
quantile,1.0,mean,1,0.6412499999999999
quantile,1.0,variance,1,-0.06878306878306874
quantile,1.0,mean,2,0.5369897959183673
quantile,1.0,variance,2,0.15251572327044008
quantile,1.0,mean,3,0.6701570680628274
quantile,1.0,variance,3,0.05510752688172044
quantile,1.0,mean,4,0.5865921787709496
quantile,1.0,variance,4,-0.02259887005649719
quantile,1.0,mean,5,0.709183673469388
quantile,1.0,variance,5,0.11388888888888894
quantile,1.0,mean,6,0.6949999999999998
quantile,1.0,variance,6,-0.04644808743169398
quantile,1.0,mean,7,0.5353403141361256
quantile,1.0,variance,7,0.21538461538461534
quantile,1.0,mean,8,0.81
quantile,1.0,variance,8,0.1713483146067417
quantile,1.0,mean,9,0.7074999999999998
quantile,1.0,variance,9,0.009067357512953405
quantile,1.0,mean,10,0.7175
quantile,1.0,variance,10,0.17375000000000007
quantile,1.0,mean,11,0.81
quantile,1.0,variance,11,0.20360824742268044
quantile,1.0,mean,12,0.72
quantile,1.0,variance,12,0.10732323232323253
quantile,1.0,mean,13,0.6899999999999997
quantile,1.0,variance,13,0.24550898203592816
quantile,1.0,mean,14,0.7012499999999999
quantile,1.0,variance,14,-0.1347150259067359
expectile,1.5,mean,0,0.96
expectile,1.5,variance,0,0.03947368421052641
expectile,1.5,mean,1,0.8275000000000001
expectile,1.5,variance,1,-0.13530927835051557
expectile,1.5,mean,2,0.6628787878787881
expectile,1.5,variance,2,0.14197530864197533
expectile,1.5,mean,3,0.8214285714285716
expectile,1.5,variance,3,0.05056179775280891
expectile,1.5,mean,4,0.6875000000000001
expectile,1.5,variance,4,0.23882681564245822
expectile,1.5,mean,5,0.905
expectile,1.5,variance,5,0.1067415730337081
expectile,1.5,mean,6,0.9199999999999999
expectile,1.5,variance,6,-0.09116022099447516
expectile,1.5,mean,7,0.8124999999999998
expectile,1.5,variance,7,0.08374999999999999
expectile,1.5,mean,8,0.9612499999999999
expectile,1.5,variance,8,0.07119205298013244
expectile,1.5,mean,9,0.7974999999999999
expectile,1.5,variance,9,-0.048177083333333225
expectile,1.5,mean,10,0.8675000000000002
expectile,1.5,variance,10,-0.14625
expectile,1.5,mean,11,0.9124999999999999
expectile,1.5,variance,11,0.015536723163841724
expectile,1.5,mean,12,0.8012500000000002
expectile,1.5,variance,12,-0.013089005235602047
expectile,1.5,mean,13,0.7887500000000001
expectile,1.5,variance,13,0.09852941176470587
expectile,1.5,mean,14,0.8312500000000003
expectile,1.5,variance,14,-0.28867403314917134
quantile,1.5,mean,0,0.5325
quantile,1.5,variance,0,-0.12105263157894737
quantile,1.5,mean,1,0.5837500000000002
quantile,1.5,variance,1,-0.1111111111111111
quantile,1.5,mean,2,0.3968253968253967
quantile,1.5,variance,2,0.13593749999999988
quantile,1.5,mean,3,0.523560209424084
quantile,1.5,variance,3,-0.021505376344086037
quantile,1.5,mean,4,0.49859550561797744
quantile,1.5,variance,4,-0.009562841530054685
quantile,1.5,mean,5,0.5637755102040819
quantile,1.5,variance,5,0.11063218390804593
quantile,1.5,mean,6,0.59375
quantile,1.5,variance,6,-0.0702247191011236
quantile,1.5,mean,7,0.4629120879120877
quantile,1.5,variance,7,0.08205128205128212
quantile,1.5,mean,8,0.6862499999999998
quantile,1.5,variance,8,0.03915662650602433
quantile,1.5,mean,9,0.6315789473684211
quantile,1.5,variance,9,-0.014248704663212479
quantile,1.5,mean,10,0.64375
quantile,1.5,variance,10,0.05750000000000011
quantile,1.5,mean,11,0.7575000000000001
quantile,1.5,variance,11,0.026455026455026367
quantile,1.5,mean,12,0.69
quantile,1.5,variance,12,0.05681818181818197
quantile,1.5,mean,13,0.63625
quantile,1.5,variance,13,0.1716867469879519
quantile,1.5,mean,14,0.5012755102040816
quantile,1.5,variance,14,-0.19948186528497414
expectile,2.0,mean,0,0.9312499999999999
expectile,2.0,variance,0,0.03947368421052641
expectile,2.0,mean,1,0.8275000000000001
expectile,2.0,variance,1,-0.1534391534391535
expectile,2.0,mean,2,0.6755050505050508
expectile,2.0,variance,2,0.11607142857142849
expectile,2.0,mean,3,0.8214285714285716
expectile,2.0,variance,3,-1.2474416007024232e-16
expectile,2.0,mean,4,0.6951530612244897
expectile,2.0,variance,4,0.22802197802197802
expectile,2.0,mean,5,0.9187500000000002
expectile,2.0,variance,5,0.1305555555555555
expectile,2.0,mean,6,0.9137499999999998
expectile,2.0,variance,6,-0.0824175824175824
expectile,2.0,mean,7,0.8237499999999998
expectile,2.0,variance,7,0.053749999999999964
expectile,2.0,mean,8,0.97
expectile,2.0,variance,8,0.06774193548387096
expectile,2.0,mean,9,0.8025
expectile,2.0,variance,9,-0.05729166666666659
expectile,2.0,mean,10,0.84375
expectile,2.0,variance,10,-0.17999999999999994
expectile,2.0,mean,11,0.9124999999999999
expectile,2.0,variance,11,-0.01598837209302317
expectile,2.0,mean,12,0.8175000000000001
expectile,2.0,variance,12,0.0013089005235601815
expectile,2.0,mean,13,0.7887500000000001
expectile,2.0,variance,13,0.026470588235294072
expectile,2.0,mean,14,0.8312500000000003
expectile,2.0,variance,14,-0.27348066298342544
quantile,2.0,mean,0,0.3812500000000001
quantile,2.0,variance,0,-0.11469072164948435
quantile,2.0,mean,1,0.48
quantile,2.0,variance,1,-0.12433862433862429
quantile,2.0,mean,2,0.3854748603351955
quantile,2.0,variance,2,0.1257309941520467
quantile,2.0,mean,3,0.4659685863874348
quantile,2.0,variance,3,0.037087912087912026
quantile,2.0,mean,4,0.4620786516853932
quantile,2.0,variance,4,0.034530386740331494
quantile,2.0,mean,5,0.42091836734693866
quantile,2.0,variance,5,0.08477011494252873
quantile,2.0,mean,6,0.53
quantile,2.0,variance,6,-0.15340909090909097
quantile,2.0,mean,7,0.400568181818182
quantile,2.0,variance,7,-0.0076923076923076416
quantile,2.0,mean,8,0.5799999999999998
quantile,2.0,variance,8,-0.001592356687898055
quantile,2.0,mean,9,0.4756756756756755
quantile,2.0,variance,9,-0.013227513227513176
quantile,2.0,mean,10,0.4950000000000001
quantile,2.0,variance,10,-0.05875000000000008
quantile,2.0,mean,11,0.6637499999999998
quantile,2.0,variance,11,0.005555555555555438
quantile,2.0,mean,12,0.5175000000000001
quantile,2.0,variance,12,0.029336734693877604
quantile,2.0,mean,13,0.5362500000000001
quantile,2.0,variance,13,0.10843373493975912
quantile,2.0,mean,14,0.3239795918367346
quantile,2.0,variance,14,-0.2525906735751296
expectile,2.5,mean,0,0.8875
expectile,2.5,variance,0,0.006578947368421147
expectile,2.5,mean,1,0.8275000000000001
expectile,2.5,variance,1,-0.15211640211640218
expectile,2.5,mean,2,0.6755050505050508
expectile,2.5,variance,2,0.2038690476190478
expectile,2.5,mean,3,0.7857142857142859
expectile,2.5,variance,3,-0.036516853932584366
expectile,2.5,mean,4,0.6913265306122451
expectile,2.5,variance,4,0.2319444444444447
expectile,2.5,mean,5,0.9187500000000002
expectile,2.5,variance,5,0.19305555555555565
expectile,2.5,mean,6,0.9137499999999998
expectile,2.5,variance,6,-0.1127717391304348
expectile,2.5,mean,7,0.8574999999999999
expectile,2.5,variance,7,0.07874999999999988
expectile,2.5,mean,8,0.97
expectile,2.5,variance,8,0.04588607594936724
expectile,2.5,mean,9,0.79
expectile,2.5,variance,9,-0.04036458333333339
expectile,2.5,mean,10,0.82375
expectile,2.5,variance,10,-0.1825
expectile,2.5,mean,11,0.865
expectile,2.5,variance,11,-0.007183908045976987
expectile,2.5,mean,12,0.8125
expectile,2.5,variance,12,-0.0013089005235601815
expectile,2.5,mean,13,0.77875
expectile,2.5,variance,13,0.026470588235294072
expectile,2.5,mean,14,0.8250000000000002
expectile,2.5,variance,14,-0.22651933701657465
quantile,2.5,mean,0,0.30000000000000004
quantile,2.5,variance,0,-0.045103092783505216
quantile,2.5,mean,1,0.4088541666666667
quantile,2.5,variance,1,-0.1335978835978836
quantile,2.5,mean,2,0.17318435754189948
quantile,2.5,variance,2,0.11403508771929842
quantile,2.5,mean,3,0.39136125654450304
quantile,2.5,variance,3,0.024999999999999963
quantile,2.5,mean,4,0.2415730337078653
quantile,2.5,variance,4,0.09289617486338796
quantile,2.5,mean,5,0.3265306122448978
quantile,2.5,variance,5,0.08333333333333337
quantile,2.5,mean,6,0.44875
quantile,2.5,variance,6,-0.1732954545454547
quantile,2.5,mean,7,0.3208092485549132
quantile,2.5,variance,7,-0.021794871794871783
quantile,2.5,mean,8,0.5162499999999999
quantile,2.5,variance,8,0.0
quantile,2.5,mean,9,0.3597222222222222
quantile,2.5,variance,9,-0.03835978835978835
quantile,2.5,mean,10,0.35786802030456855
quantile,2.5,variance,10,-0.08000000000000007
quantile,2.5,mean,11,0.6150000000000002
quantile,2.5,variance,11,-0.027777777777777683
quantile,2.5,mean,12,0.40375000000000005
quantile,2.5,variance,12,0.01530612244897972
quantile,2.5,mean,13,0.44500000000000006
quantile,2.5,variance,13,0.10993975903614463
quantile,2.5,mean,14,0.14973958333333312
quantile,2.5,variance,14,-0.25000000000000017
