rule,noise,seed,frac_opt,total_regret,frac_opt_last_half
expectile,0.0,0,0.548,1931.0702082819284,0.479
expectile,0.0,1,0.654,1399.9306522789382,0.641
expectile,0.0,2,0.636,1472.748665454456,0.64
expectile,0.0,3,0.6515,1350.200832768938,0.561
expectile,0.0,4,0.735,1094.8529855811555,0.736
expectile,0.0,5,0.578,1601.1606569653095,0.505
expectile,0.0,6,0.7015,1213.2829069218044,0.64
expectile,0.0,7,0.681,1248.6613493101659,0.721
expectile,0.0,8,0.5515,1799.4294613981574,0.546
expectile,0.0,9,0.6715,1331.3877074050135,0.688
expectile,0.0,10,0.5275,1927.5689654598102,0.402
expectile,0.0,11,0.6405,1482.6501895045876,0.614
expectile,0.0,12,0.665,1327.789850706177,0.549
expectile,0.0,13,0.6025,1625.9327418382743,0.576
expectile,0.0,14,0.708,1208.4397091805276,0.679
expectile,0.0,15,0.543,1801.0806814568718,0.51
expectile,0.0,16,0.686,1324.795658833894,0.638
expectile,0.0,17,0.676,1224.2833581945017,0.665
expectile,0.0,18,0.616,1584.535689624653,0.613
expectile,0.0,19,0.642,1421.0408583958217,0.576
expectile,0.0,20,0.6735,1334.5653080986472,0.619
expectile,0.0,21,0.5965,1447.822303296443,0.563
expectile,0.0,22,0.5025,2072.110742298923,0.423
expectile,0.0,23,0.5515,1825.5455237632113,0.483
expectile,0.0,24,0.5665,1759.473429169314,0.562
expectile,0.0,25,0.7385,952.8100373206404,0.727
expectile,0.0,26,0.6315,1499.5547218126953,0.554
expectile,0.0,27,0.502,1973.744605048582,0.431
expectile,0.0,28,0.5645,1738.5705384008777,0.451
expectile,0.0,29,0.6775,1311.8045882776555,0.638
quantile,0.0,0,0.49,2220.327515092198,0.397
quantile,0.0,1,0.481,2072.3472707651563,0.465
quantile,0.0,2,0.408,2417.062511284195,0.331
quantile,0.0,3,0.4775,2000.3452581400722,0.445
quantile,0.0,4,0.583,1683.8418932028453,0.595
quantile,0.0,5,0.457,1985.4738394802418,0.408
quantile,0.0,6,0.475,2055.878131703365,0.502
quantile,0.0,7,0.434,2222.303032676527,0.364
quantile,0.0,8,0.465,2204.640221951783,0.394
quantile,0.0,9,0.567,1782.5038555981537,0.545
quantile,0.0,10,0.4865,2059.1219636819615,0.5
quantile,0.0,11,0.4345,2274.88973824615,0.387
quantile,0.0,12,0.53,1885.3036804312796,0.5
quantile,0.0,13,0.5205,1937.489606099604,0.452
quantile,0.0,14,0.4705,2202.787473709013,0.435
quantile,0.0,15,0.532,1928.299978568166,0.624
quantile,0.0,16,0.406,2423.0670666428528,0.317
quantile,0.0,17,0.431,2272.741142546023,0.418
quantile,0.0,18,0.4745,2174.604469548802,0.514
quantile,0.0,19,0.5345,1918.8075125252537,0.456
quantile,0.0,20,0.536,1926.1441896134422,0.536
quantile,0.0,21,0.496,1874.7206374389843,0.559
quantile,0.0,22,0.4165,2258.4747735779247,0.352
quantile,0.0,23,0.4905,2109.550842243438,0.416
quantile,0.0,24,0.4745,2117.2312024812136,0.444
quantile,0.0,25,0.5795,1622.2761859775612,0.571
quantile,0.0,26,0.5565,1722.330378831426,0.514
quantile,0.0,27,0.4785,2072.421425878864,0.521
quantile,0.0,28,0.4465,2271.889936828693,0.356
quantile,0.0,29,0.5295,1874.086544798924,0.453
expectile,1.0,0,0.571,1760.9770216684894,0.525
expectile,1.0,1,0.7505,1040.6650826681835,0.731
expectile,1.0,2,0.7415,1064.5886130529839,0.664
expectile,1.0,3,0.6795,1235.7971815823269,0.577
expectile,1.0,4,0.7035,1104.9266547964585,0.691
expectile,1.0,5,0.6765,1205.5331112917358,0.597
expectile,1.0,6,0.709,1154.718296497371,0.727
expectile,1.0,7,0.6725,1187.3105331082193,0.644
expectile,1.0,8,0.5435,1881.2181517988265,0.432
expectile,1.0,9,0.732,1038.2845717015043,0.68
expectile,1.0,10,0.558,1811.9481073802085,0.447
expectile,1.0,11,0.6055,1538.8717704846463,0.589
expectile,1.0,12,0.598,1533.7318231898698,0.611
expectile,1.0,13,0.57,1722.2476702922322,0.512
expectile,1.0,14,0.628,1467.9364692206896,0.583
expectile,1.0,15,0.6245,1516.8797199724909,0.517
expectile,1.0,16,0.634,1589.0235187093174,0.627
expectile,1.0,17,0.566,1732.8302720197685,0.597
expectile,1.0,18,0.5905,1681.5153206896075,0.574
expectile,1.0,19,0.6015,1647.2344449844784,0.488
expectile,1.0,20,0.543,1919.3555601422524,0.459
expectile,1.0,21,0.572,1748.0519926144952,0.639
expectile,1.0,22,0.605,1532.3149184018357,0.601
expectile,1.0,23,0.6325,1385.1003184461729,0.612
expectile,1.0,24,0.483,2152.189618783092,0.477
expectile,1.0,25,0.627,1514.0056031881652,0.601
expectile,1.0,26,0.575,1715.8434088292224,0.582
expectile,1.0,27,0.549,1749.4330076320857,0.504
expectile,1.0,28,0.591,1573.1662962252526,0.566
expectile,1.0,29,0.706,1293.6154629301427,0.694
quantile,1.0,0,0.427,2301.082317517002,0.327
quantile,1.0,1,0.497,2066.6565604208545,0.465
quantile,1.0,2,0.4255,2213.7285273414136,0.304
quantile,1.0,3,0.4675,2107.4788617133036,0.441
quantile,1.0,4,0.3945,2360.6819840248763,0.281
quantile,1.0,5,0.481,2035.7115488644445,0.434
quantile,1.0,6,0.5435,1784.765801189189,0.529
quantile,1.0,7,0.482,1992.7255757449668,0.453
quantile,1.0,8,0.438,2298.477914347717,0.336
quantile,1.0,9,0.4985,2049.9827911214807,0.473
quantile,1.0,10,0.3745,2624.3520099110146,0.175
quantile,1.0,11,0.5015,1979.1482708681483,0.426
quantile,1.0,12,0.3605,2495.7411483117585,0.273
quantile,1.0,13,0.4425,2222.656852336185,0.458
quantile,1.0,14,0.462,2118.416301206851,0.395
quantile,1.0,15,0.5085,1865.9600149485414,0.415
quantile,1.0,16,0.453,2262.979427505961,0.464
quantile,1.0,17,0.4425,2146.5224353098565,0.393
quantile,1.0,18,0.5165,1987.7382781462538,0.495
quantile,1.0,19,0.4205,2333.9527522383005,0.41
quantile,1.0,20,0.472,2190.3252125949844,0.453
quantile,1.0,21,0.4775,2135.6727969844915,0.445
quantile,1.0,22,0.4645,2091.1573710881094,0.475
quantile,1.0,23,0.3925,2348.7511833514436,0.283
quantile,1.0,24,0.473,2214.116888968073,0.401
quantile,1.0,25,0.598,1729.3187228433355,0.543
quantile,1.0,26,0.5085,1993.1848094848642,0.471
quantile,1.0,27,0.3555,2535.454884526396,0.175
quantile,1.0,28,0.393,2405.1720131830016,0.293
quantile,1.0,29,0.47,2209.470112788169,0.44
expectile,2.0,0,0.5045,2045.3051341822927,0.504
expectile,2.0,1,0.559,1875.5889492316883,0.554
expectile,2.0,2,0.6125,1454.3574671166457,0.639
expectile,2.0,3,0.716,1102.1566754264863,0.626
expectile,2.0,4,0.711,1110.5234590771697,0.66
expectile,2.0,5,0.581,1626.6682852113304,0.519
expectile,2.0,6,0.6905,1168.4405904073808,0.663
expectile,2.0,7,0.649,1334.791217014948,0.629
expectile,2.0,8,0.5575,1793.9567695328212,0.411
expectile,2.0,9,0.652,1350.338240005247,0.576
expectile,2.0,10,0.591,1745.3663689513544,0.46
expectile,2.0,11,0.527,1738.292401139833,0.409
expectile,2.0,12,0.544,1691.740574396535,0.408
expectile,2.0,13,0.4815,2123.5892060731867,0.433
expectile,2.0,14,0.5525,1756.1405518188494,0.559
expectile,2.0,15,0.6735,1318.6938289659088,0.567
expectile,2.0,16,0.5565,1795.4689298745348,0.653
expectile,2.0,17,0.6175,1546.893293002037,0.643
expectile,2.0,18,0.701,1253.945023514452,0.683
expectile,2.0,19,0.5375,1910.8143110218875,0.509
expectile,2.0,20,0.606,1624.9743093015022,0.67
expectile,2.0,21,0.5885,1688.5258748085234,0.543
expectile,2.0,22,0.64,1376.9057428526357,0.693
expectile,2.0,23,0.5735,1618.6568895092669,0.513
expectile,2.0,24,0.524,1971.8709579129977,0.562
expectile,2.0,25,0.664,1413.5651369699622,0.546
expectile,2.0,26,0.442,2239.0536161245686,0.516
expectile,2.0,27,0.444,2194.926910901849,0.291
expectile,2.0,28,0.569,1696.5744653057877,0.543
expectile,2.0,29,0.6275,1659.3103263421876,0.644
quantile,2.0,0,0.3385,2647.433486332203,0.179
quantile,2.0,1,0.415,2436.467521356556,0.472
quantile,2.0,2,0.4285,2206.101778623696,0.355
quantile,2.0,3,0.461,2045.372404138046,0.422
quantile,2.0,4,0.3725,2520.8648215556254,0.265
quantile,2.0,5,0.3735,2534.6479552572064,0.287
quantile,2.0,6,0.402,2309.828876248709,0.324
quantile,2.0,7,0.427,2291.7528953740057,0.334
quantile,2.0,8,0.3775,2531.504158839495,0.331
quantile,2.0,9,0.4325,2224.9446836305506,0.383
quantile,2.0,10,0.444,2370.253459348934,0.403
quantile,2.0,11,0.4395,2102.0740846693834,0.412
quantile,2.0,12,0.396,2272.844042053625,0.354
quantile,2.0,13,0.388,2434.123641061746,0.377
quantile,2.0,14,0.386,2380.86715726874,0.445
quantile,2.0,15,0.36,2462.6435952127963,0.132
quantile,2.0,16,0.3965,2497.2408482648275,0.482
quantile,2.0,17,0.3215,2654.7706928168764,0.346
quantile,2.0,18,0.467,2114.7173409822326,0.386
quantile,2.0,19,0.292,2867.7253640540143,0.276
quantile,2.0,20,0.363,2655.8310449544842,0.244
quantile,2.0,21,0.3795,2445.957721461469,0.339
quantile,2.0,22,0.3665,2449.787222531654,0.398
quantile,2.0,23,0.3815,2388.0449721042423,0.252
quantile,2.0,24,0.4315,2419.041587677112,0.316
quantile,2.0,25,0.44,2282.2677022851185,0.403
quantile,2.0,26,0.2745,2870.0656848073104,0.282
quantile,2.0,27,0.297,2781.13614702263,0.222
quantile,2.0,28,0.321,2675.870106213798,0.206
quantile,2.0,29,0.499,2118.8882597309885,0.5
